IDENTIFYER,Location,Authors,year,Journal,Species,Family,N_fix,Growth_Habit,Koppen,Lat,Long,MAP,MAT,EVAP,DryIND,Elevation,Land_system,Narea,WUEi,Aarea,gsarea,Log10Narea,Log10WUEi,Log10A,Log10gs,SLA,LMA,Log10SLA
5,A,Ackerly,2004,Ecol mono,Ceanothus cuneatus var. cuneatus,Rhamnaceae,F,Ev. Ang.,C,37.4,-122.25,818,13,338,1.15,150,Natural,4.17,85.1,23.4,0.275,0.620136055,1.929883164,1.369215857,-0.560667306,4.47,223.7136465,0.650307523
6,A,Ackerly,2004,Ecol mono,Ceanothus oliganthus var. sorediatus,Rhamnaceae,F,Ev. Ang.,C,37.4,-122.25,818,13,338,1.15,150,Natural,2.7,55.6,18.4,0.331,0.431363764,1.744989829,1.264817823,-0.480172006,8.42,118.7648456,0.925312091
7,A,Ackerly,2004,Ecol mono,Cercocarpus betuloides,Rosaceae,F,Dec. Ang.,C,37.4,-122.25,818,13,338,1.15,150,Natural,3.46,44.6,25,0.561,0.539076099,1.648977147,1.397940009,-0.251037139,7.41,134.9527665,0.869818208
14,A,Ackerly,2004,Ecol mono,Lotus scoparius,Fabaceae,F,Ev. Ang.,C,37.4,-122.25,818,13,338,1.15,150,Natural,2.17,52,22.6,0.435,0.336459734,1.715619182,1.354108439,-0.361510743,10.64,93.98496241,1.026941628
1,A,Ackerly,2004,Ecol mono,Adenostoma fasciculatum,Rosaceae,N,Ev. Ang.,C,37.4,-122.25,818,13,338,1.15,150,Natural,3.57,53.4,14.8,0.277,0.552668216,1.727781946,1.170261715,-0.557520231,3.55,281.6901408,0.550228353
2,A,Ackerly,2004,Ecol mono,Arbutus menziesii,Ericaceae,N,Ev. Ang.,C,37.4,-122.25,818,13,338,1.15,150,Natural,1.99,71.6,11.6,0.162,0.298853076,1.854942975,1.064457989,-0.790484985,6.58,151.9756839,0.818225894
3,A,Ackerly,2004,Ecol mono,Arctostaphylos tomentosa var. crustacea,Ericaceae,N,Ev. Ang.,C,37.4,-122.25,818,13,338,1.15,150,Natural,1.52,65.1,10.8,0.166,0.181843588,1.813315667,1.033423755,-0.779891912,7.28,137.3626374,0.862131379
4,A,Ackerly,2004,Ecol mono,Baccharis pilularis,Asteraceae,N,Ev. Ang.,C,37.4,-122.25,818,13,338,1.15,150,Natural,2.62,77.6,18,0.232,0.418301291,1.88978452,1.255272505,-0.634512015,9.42,106.1571125,0.974050903
8,A,Ackerly,2004,Ecol mono,Diplacus aurantiacus,Scrophulariaceae,N,Ev. Ang.,C,37.4,-122.25,818,13,338,1.15,150,Natural,1.35,49.2,15.8,0.321,0.130333768,1.692152055,1.198657087,-0.493494968,9.04,110.619469,0.95616843
9,A,Ackerly,2004,Ecol mono,Dirca occidentalis,Thymelaeaceae,N,Dec. Ang.,C,37.4,-122.25,818,13,338,1.15,150,Natural,1.52,52.1,7.4,0.142,0.181843588,1.716943375,0.86923172,-0.847711656,17.65,56.6572238,1.24674471
10,A,Ackerly,2004,Ecol mono,Eriodictyon californicum,Hydrophyllaceae ,N,Ev. Ang.,C,37.4,-122.25,818,13,338,1.15,150,Natural,3.1,49.9,18.9,0.379,0.491361694,1.697822594,1.276461804,-0.42136079,5.9,169.4915254,0.770852012
11,A,Ackerly,2004,Ecol mono,Heteromeles arbutifolia,Rosaceae,N,Ev. Ang.,C,37.4,-122.25,818,13,338,1.15,150,Natural,2.93,50,12.6,0.252,0.46686762,1.698970004,1.100370545,-0.598599459,5.02,199.2031873,0.700703717
12,A,Ackerly,2004,Ecol mono,Holodiscus discolor,Rosaceae,N,Dec. Ang.,C,37.4,-122.25,818,13,338,1.15,150,Natural,1.67,34.4,14,0.407,0.222716471,1.536533626,1.146128036,-0.390405591,13.52,73.96449704,1.130976692
13,A,Ackerly,2004,Ecol mono,Lepechinia calycina,Lamiaceae,N,Ev. Ang.,C,37.4,-122.25,818,13,338,1.15,150,Natural,1.86,56.7,13.1,0.231,0.269512944,1.753659316,1.117271296,-0.63638802,10.22,97.84735812,1.009450896
15,A,Ackerly,2004,Ecol mono,Prunus ilicifolia,Rosaceae,N,Ev. Ang.,C,37.4,-122.25,818,13,338,1.15,150,Natural,3.15,69.3,9.7,0.14,0.498310554,1.840643699,0.986771734,-0.853871964,6.74,148.3679525,0.828659897
16,A,Ackerly,2004,Ecol mono,Rhamnus californica,Rhamnaceae,N,Ev. Ang.,C,37.4,-122.25,818,13,338,1.15,150,Natural,1.59,67.5,11,0.163,0.201397124,1.829205081,1.041392685,-0.787812396,14.06,71.12375533,1.147985321
17,A,Ackerly,2004,Ecol mono,Rhamnus crocea,Rhamnaceae,N,Ev. Ang.,C,37.4,-122.25,818,13,338,1.15,150,Natural,2.76,62.9,10.7,0.17,0.440909082,1.798934856,1.029383778,-0.769551079,8.25,121.2121212,0.916453949
18,A,Ackerly,2004,Ecol mono,Ribes californicum,Grossulariaceae,N,Dec. Ang.,C,37.4,-122.25,818,13,338,1.15,150,Natural,2.09,69.5,11.4,0.164,0.320146286,1.842061003,1.056904851,-0.785156152,10.92,91.57509158,1.038222638
19,A,Ackerly,2004,Ecol mono,Sambucus mexicana,Caprifoliaceae,N,Ev. Ang.,C,37.4,-122.25,818,13,338,1.15,150,Natural,2.63,47.7,18.4,0.386,0.419955748,1.678230518,1.264817823,-0.413412695,10.18,98.23182711,1.007747778
20,A,Ackerly,2004,Ecol mono,Toxicodendron diversiloba,Anacardiaceae,N,Ev. Ang.,C,37.4,-122.25,818,13,338,1.15,150,Natural,1.59,60.5,13.3,0.22,0.201397124,1.78142896,1.123851641,-0.657577319,12.73,78.55459544,1.104828404
165,C,Forrester,2012,Trees,Acacia mearnsii,Mimosaceae,F,Ev. Ang.,C,-37.58,149.17,1006,14.4,691,0.87,110,Natural,5.1,80.8,9.7,0.12,0.707570176,1.907590488,0.986771734,-0.920818754,4.8,208,0.681241237
166,C,Forrester,2012,Trees,Acacia mearnsii,Mimosaceae,F,Ev. Ang.,C,-37.58,149.17,1006,14.4,691,0.87,110,Natural,4.8,75.9,12.9,0.17,0.681241237,1.880140789,1.11058971,-0.769551079,5,200,0.698970004
167,C,Forrester,2012,Trees,Eucalyptus globulus,Myrtaceae,N,Ev. Ang.,C,-37.58,149.17,1006,14.4,691,0.87,110,Natural,3.1,65.9,14.5,0.22,0.491361694,1.818945321,1.161368002,-0.657577319,3.8,263,0.579783597
168,C,Forrester,2012,Trees,Eucalyptus globulus,Myrtaceae,N,Ev. Ang.,C,-37.58,149.17,1006,14.4,691,0.87,110,Natural,2.9,84.3,11.8,0.14,0.462397998,1.925753972,1.071882007,-0.853871964,3.6,277,0.556302501
221,D,Gulias,2003,Annal Bot,Anagyris foetida,Fabaceae,F,Ev. Ang.,C,39.72,3,606,16.4,,2.01,30,Natural,4.2,55.8,21.3,0.382,0.62324929,1.746316241,1.328379603,-0.417936637,,,
232,D,Gulias,2003,Annal Bot,Ceratonia siliqua,Fabaceae,F,Ev. Ang.,C,39.72,3,606,16.4,,2.01,30,Natural,3.6,47.5,13.2,0.278,0.556302501,1.676529135,1.120573931,-0.555955204,,,
269,D,Gulias,2003,Annal Bot,Pisum sativum,Fabaceae,F,Forb,C,39.72,3,606,16.4,,2.01,30,Natural,2.5,30,21.6,0.721,0.397940009,1.476518486,1.334453751,-0.142064735,,,
283,D,Gulias,2003,Annal Bot,Trifolium subterraneum,Fabaceae,F,Forb,C,39.72,3,606,16.4,,2.01,30,Natural,2.1,38,25,0.658,0.322219295,1.579714115,1.397940009,-0.181774106,,,
288,D,Gulias,2003,Annal Bot,Vicia faba,Fabaceae,F,Forb,C,39.72,3,606,16.4,,2.01,30,Natural,2.3,51.4,14.6,0.284,0.361727836,1.711034516,1.164352856,-0.54668166,,,
217,D,Gulias,2003,Annal Bot,Acer opalus,Aceraceae,N,Dec. Ang.,C,39.72,3,606,16.4,,2.01,30,Natural,1.8,66.1,7.4,0.112,0.255272505,1.820013697,0.86923172,-0.950781977,,,
218,D,Gulias,2003,Annal Bot,Ailanthus altissima,Simaroubaceae,N,Dec. Ang.,C,39.72,3,606,16.4,,2.01,30,Natural,1.6,67.4,14.5,0.215,0.204119983,1.828929542,1.161368002,-0.66756154,,,
219,D,Gulias,2003,Annal Bot,Amaranthus blitoides,Amaranthaceae,N,Forb,C,39.72,3,606,16.4,,2.01,30,Natural,2.4,134.4,34,0.253,0.380211242,2.128358396,1.531478917,-0.596879479,,,
220,D,Gulias,2003,Annal Bot,Amaranthus retroflexus,Amaranthaceae,N,Forb,C,39.72,3,606,16.4,,2.01,30,Natural,1.5,141.5,20.1,0.142,0.176091259,2.150907713,1.303196057,-0.847711656,,,
222,D,Gulias,2003,Annal Bot,Arbutus unedo,Ericaceae,N,Ev. Ang.,C,39.72,3,606,16.4,,2.01,30,Natural,1.3,67.4,9.1,0.135,0.113943352,1.828707624,0.959041392,-0.869666232,,,
223,D,Gulias,2003,Annal Bot,Atriplex halimus,Amaranthaceae ,N,Forb,C,39.72,3,606,16.4,,2.01,30,Natural,4.5,81,21.7,0.268,0.653212514,1.90832494,1.336459734,-0.571865206,,,
224,D,Gulias,2003,Annal Bot,Avena sativa,Poaceae,N,Graminoid,C,39.72,3,606,16.4,,2.01,30,Natural,3.2,34.6,20.2,0.584,0.505149978,1.538938522,1.305351369,-0.233587153,,,
225,D,Gulias,2003,Annal Bot,Avenula crassifolia,Poaceae,N,Graminoid,C,39.72,3,606,16.4,,2.01,30,Natural,2,74,13.4,0.181,0.301029996,1.869426223,1.127104798,-0.742321425,,,
226,D,Gulias,2003,Annal Bot,Beta vulgarus,Chenopodiaceae,N,Forb,C,39.72,3,606,16.4,,2.01,30,Natural,3.6,29.9,22.4,0.75,0.556302501,1.475186755,1.350248018,-0.124938737,,,
227,D,Gulias,2003,Annal Bot,Brassica napus,Brassicaceae,N,Forb,C,39.72,3,606,16.4,,2.01,30,Natural,2.5,27.8,25.2,0.907,0.397940009,1.443793254,1.401400541,-0.042392713,,,
228,D,Gulias,2003,Annal Bot,Brassica oleracea,Brassicaceae,N,Forb,C,39.72,3,606,16.4,,2.01,30,Natural,3.3,35.3,18.7,0.53,0.51851394,1.547565737,1.271841607,-0.27572413,,,
229,D,Gulias,2003,Annal Bot,Capparis spinosa,Capparaceae,N,Ev. Ang.,C,39.72,3,606,16.4,,2.01,30,Natural,3.7,35.8,27.7,0.773,0.568201724,1.554300275,1.442479769,-0.111820506,,,
230,D,Gulias,2003,Annal Bot,Capsicum annum,Solanaceae,N,Forb,C,39.72,3,606,16.4,,2.01,30,Natural,2.7,60.3,15.5,0.257,0.431363764,1.780398575,1.190331698,-0.590066877,,,
231,D,Gulias,2003,Annal Bot,Cephalaria squamiflora,Caprifoliaceae,N,Forb,C,39.72,3,606,16.4,,2.01,30,Natural,2.6,53.7,19.7,0.367,0.414973348,1.729800162,1.294466226,-0.435333936,,,
233,D,Gulias,2003,Annal Bot,Chenopodium album,Amaranthaceae,N,Forb,C,39.72,3,606,16.4,,2.01,30,Natural,2.2,32.8,26.4,0.805,0.342422681,1.515808047,1.421603927,-0.09420412,,,
234,D,Gulias,2003,Annal Bot,Ciichorium intybus,Asteraceae,N,Forb,C,39.72,3,606,16.4,,2.01,30,Natural,1.2,24.4,18.8,0.77,0.079181246,1.387667124,1.274157849,-0.113509275,,,
235,D,Gulias,2003,Annal Bot,Cistus albidus,Cistaceae,N,Forb,C,39.72,3,606,16.4,,2.01,30,Natural,4.2,35.6,16.5,0.463,0.62324929,1.551902953,1.217483944,-0.334419009,,,
236,D,Gulias,2003,Annal Bot,Cistus monspeliensis,Cistaceae,N,Forb,C,39.72,3,606,16.4,,2.01,30,Natural,3.5,87.1,24.2,0.278,0.544068044,1.93977057,1.383815366,-0.555955204,,,
237,D,Gulias,2003,Annal Bot,Cistus salviifolius,Cistaceae,N,Forb,C,39.72,3,606,16.4,,2.01,30,Natural,2,37.5,19.7,0.525,0.301029996,1.574306923,1.294466226,-0.279840697,,,
238,D,Gulias,2003,Annal Bot,Cneorum tricoccon,Rutaceae,N,Ev. Ang.,C,39.72,3,606,16.4,,2.01,30,Natural,2.4,116.5,10.6,0.091,0.380211242,2.066264473,1.025305865,-1.040958608,,,
239,D,Gulias,2003,Annal Bot,Convolvulus arvensis,Convovulaceae,N,Forb,C,39.72,3,606,16.4,,2.01,30,Natural,2.3,40.2,17.5,0.435,0.361727836,1.604548792,1.243038049,-0.361510743,,,
240,D,Gulias,2003,Annal Bot,Crepsis triasii,Asteraceae,N,Forb,C,39.72,3,606,16.4,,2.01,30,Natural,1.8,29.2,15.3,0.524,0.255272505,1.465360144,1.184691431,-0.280668713,,,
241,D,Gulias,2003,Annal Bot,Datura stramonium,Solanaceae,N,Dec. Ang.,C,39.72,3,606,16.4,,2.01,30,Natural,4,23.1,28.6,1.237,0.602059991,1.363996333,1.456366033,0.0923697,,,
242,D,Gulias,2003,Annal Bot,Delphinium pictum,Ranunculaceae,N,Forb,C,39.72,3,606,16.4,,2.01,30,Natural,2.2,61.6,18.1,0.294,0.342422681,1.789331244,1.257678575,-0.53165267,,,
243,D,Gulias,2003,Annal Bot,Dianthus rupicola,Caryophyllaceae,N,Forb,C,39.72,3,606,16.4,,2.01,30,Natural,2.3,86.6,16.2,0.187,0.361727836,1.937673408,1.209515015,-0.728158393,,,
244,D,Gulias,2003,Annal Bot,Dittrichia viscosa,Asteraceae,N,Ev. Ang.,C,39.72,3,606,16.4,,2.01,30,Natural,1.8,41.6,16.7,0.401,0.255272505,1.619572099,1.222716471,-0.396855627,,,
245,D,Gulias,2003,Annal Bot,Euphorbia margalidiana,Euphorbiaceae,N,Forb,C,39.72,3,606,16.4,,2.01,30,Natural,2.9,79.5,13.2,0.166,0.462397998,1.900465843,1.120573931,-0.779891912,,,
246,D,Gulias,2003,Annal Bot,Euphorbia pithyusa,Euphorbiaceae,N,Forb,C,39.72,3,606,16.4,,2.01,30,Natural,2.4,35.1,15.6,0.445,0.380211242,1.544764587,1.193124598,-0.351639989,,,
247,D,Gulias,2003,Annal Bot,Ficus carica,Moraceae,N,Ev. Ang.,C,39.72,3,606,16.4,,2.01,30,Natural,1.8,42.7,14.7,0.344,0.255272505,1.630758892,1.167317335,-0.463441557,,,
248,D,Gulias,2003,Annal Bot,Fraxinus angustifolia,Oleaceae,N,Dec. Ang.,C,39.72,3,606,16.4,,2.01,30,Natural,2.8,52.4,22.7,0.433,0.447158031,1.719537961,1.356025857,-0.363512104,,,
249,D,Gulias,2003,Annal Bot,Globularia cambessedesii,Plantaginaceae,N,Ev. Ang.,C,39.72,3,606,16.4,,2.01,30,Natural,2.6,72.4,16.5,0.228,0.414973348,1.859549097,1.217483944,-0.642065153,,,
250,D,Gulias,2003,Annal Bot,Helianthus annus,Asteraceae,N,Forb,C,39.72,3,606,16.4,,2.01,30,Natural,3,31,32.4,1.046,0.477121255,1.491013326,1.51054501,0.019531685,,,
251,D,Gulias,2003,Annal Bot,Helleborus foetidus,Ranunculaceae,N,Forb,C,39.72,3,606,16.4,,2.01,30,Natural,2.8,48.9,11.6,0.237,0.447158031,1.689709643,1.064457989,-0.625251654,,,
252,D,Gulias,2003,Annal Bot,Helleborus lividus,Ranunculaceae,N,Forb,C,39.72,3,606,16.4,,2.01,30,Natural,1.9,64.7,13,0.201,0.278753601,1.810747295,1.113943352,-0.696803943,,,
253,D,Gulias,2003,Annal Bot,Hypericum balearicum,Hypericaceae,N,Dec. Ang.,C,39.72,3,606,16.4,,2.01,30,Natural,5.4,49.5,10.8,0.218,0.73239376,1.694967262,1.033423755,-0.661543506,,,
254,D,Gulias,2003,Annal Bot,Hypericum hircinium,Hypericaceae,N,Dec. Ang.,C,39.72,3,606,16.4,,2.01,30,Natural,1.5,56.1,17.4,0.31,0.176091259,1.749187554,1.240549248,-0.508638306,,,
255,D,Gulias,2003,Annal Bot,Lactuca sativa,Asteraceae,N,Forb,C,39.72,3,606,16.4,,2.01,30,Natural,1.9,28.6,18.5,0.647,0.278753601,1.456267448,1.267171728,-0.189095719,,,
256,D,Gulias,2003,Annal Bot,Lavandula dentata,Lamiaceae,N,Ev. Ang.,C,39.72,3,606,16.4,,2.01,30,Natural,2,54.6,23.9,0.438,0.301029996,1.73692379,1.378397901,-0.358525889,,,
257,D,Gulias,2003,Annal Bot,Lavatera cretica,Malvaceae,N,Ev. Ang.,C,39.72,3,606,16.4,,2.01,30,Natural,2.4,37,28.7,0.775,0.380211242,1.568580194,1.457881897,-0.110698297,,,
258,D,Gulias,2003,Annal Bot,Ligusticum huteri,Apiaceae,N,Forb,C,39.72,3,606,16.4,,2.01,30,Natural,1.7,52.4,15.5,0.296,0.230448921,1.719039987,1.190331698,-0.528708289,,,
259,D,Gulias,2003,Annal Bot,Limonium migjornense,Plumbaginaceae,N,Forb,C,39.72,3,606,16.4,,2.01,30,Natural,2.7,78.2,16.5,0.211,0.431363764,1.893201489,1.217483944,-0.675717545,,,
260,D,Gulias,2003,Annal Bot,Lycopersicum esculentum,Solonaceae,N,Forb,C,39.72,3,606,16.4,,2.01,30,Natural,2.4,43.6,22.2,0.509,0.380211242,1.639635192,1.346352974,-0.293282218,,,
261,D,Gulias,2003,Annal Bot,Olea europa,Oleaceae,N,Ev. Ang.,C,39.72,3,606,16.4,,2.01,30,Natural,4,81.3,17,0.209,0.602059991,1.910302635,1.230448921,-0.679853714,,,
262,D,Gulias,2003,Annal Bot,Paeonia cambessedesii,Paeoniaceae,N,Forb,C,39.72,3,606,16.4,,2.01,30,Natural,1.5,56.5,12.2,0.216,0.176091259,1.75190608,1.086359831,-0.665546249,,,
263,D,Gulias,2003,Annal Bot,Pastinaca lucida,Apiaceae,N,Forb,C,39.72,3,606,16.4,,2.01,30,Natural,2.2,42,18.5,0.44,0.342422681,1.623719052,1.267171728,-0.356547324,,,
264,D,Gulias,2003,Annal Bot,Phillyrea latifolia,Oleaceae,N,Ev. Ang.,C,39.72,3,606,16.4,,2.01,30,Natural,3,84,12.6,0.15,0.477121255,1.924279286,1.100370545,-0.823908741,,,
265,D,Gulias,2003,Annal Bot,Phlomis italica,Lamiaceae ,N,Ev. Ang.,C,39.72,3,606,16.4,,2.01,30,Natural,2.3,47.7,20,0.419,0.361727836,1.678815973,1.301029996,-0.377785977,,,
266,D,Gulias,2003,Annal Bot,Pinus halepensis,Pinaceae,N,Gymnosperm,C,39.72,3,606,16.4,,2.01,30,Natural,1.6,8.4,7.6,0.9,0.204119983,0.926571083,0.880813592,-0.045757491,,,
267,D,Gulias,2003,Annal Bot,Pistacia lentiscus,Anacardiaceae,N,Ev. Ang.,C,39.72,3,606,16.4,,2.01,30,Natural,2.8,85.1,12.6,0.148,0.447158031,1.93010883,1.100370545,-0.829738285,,,
268,D,Gulias,2003,Annal Bot,Pistacia terebinthus,Anacardiaceae,N,Ev. Ang.,C,39.72,3,606,16.4,,2.01,30,Natural,3.8,55.3,20.7,0.374,0.579783597,1.743098743,1.315970345,-0.427128398,,,
270,D,Gulias,2003,Annal Bot,Populus alba,Salicaceae,N,Dec. Ang.,C,39.72,3,606,16.4,,2.01,30,Natural,1.1,74.1,16.6,0.224,0.041392685,1.86986007,1.220108088,-0.649751982,,,
271,D,Gulias,2003,Annal Bot,Populus nigra,Salicaceae,N,Dec. Ang.,C,39.72,3,606,16.4,,2.01,30,Natural,2.3,66.5,15.3,0.23,0.361727836,1.822963595,1.184691431,-0.638272164,,,
272,D,Gulias,2003,Annal Bot,Pteridium aquilinum,Dennstaedtiaceae,N,Fern,C,39.72,3,606,16.4,,2.01,30,Natural,2.3,91.1,12.3,0.135,0.361727836,1.959571343,1.089905111,-0.869666232,,,
273,D,Gulias,2003,Annal Bot,Quercus coccifera,Fagaceae,N,Dec. Ang.,C,39.72,3,606,16.4,,2.01,30,Natural,1.6,96.2,10,0.104,0.204119983,1.982966661,1,-0.982966661,,,
274,D,Gulias,2003,Annal Bot,Quercus humilis,Fagaceae,N,Dec. Ang.,C,39.72,3,606,16.4,,2.01,30,Natural,2.8,64.1,16.6,0.259,0.447158031,1.806808324,1.220108088,-0.586700236,,,
275,D,Gulias,2003,Annal Bot,Quercus ilex,Fagaceae,N,Dec. Ang.,C,39.72,3,606,16.4,,2.01,30,Natural,2.6,53.7,11.6,0.216,0.414973348,1.730004238,1.064457989,-0.665546249,,,
276,D,Gulias,2003,Annal Bot,Rhamnus alaternus,Rhamnaceae,N,Ev. Ang.,C,39.72,3,606,16.4,,2.01,30,Natural,2.7,64.6,10.2,0.158,0.431363764,1.809943085,1.008600172,-0.801342913,,,
277,D,Gulias,2003,Annal Bot,Rhamnus ludovici-salvatoris,Rhamnaceae,N,Ev. Ang.,C,39.72,3,606,16.4,,2.01,30,Natural,2.1,54.2,9.6,0.177,0.322219295,1.734297967,0.982271233,-0.752026734,,,
278,D,Gulias,2003,Annal Bot,Rosa agrestis,Rosaceae,N,Dec. Ang.,C,39.72,3,606,16.4,,2.01,30,Natural,2.9,68.3,20.7,0.303,0.462397998,1.834527717,1.315970345,-0.518557371,,,
279,D,Gulias,2003,Annal Bot,Silene mollisima,Caryophyllaceae,N,Forb,C,39.72,3,606,16.4,,2.01,30,Natural,2.5,62.1,14.6,0.235,0.397940009,1.793284994,1.164352856,-0.628932138,,,
280,D,Gulias,2003,Annal Bot,Solanum melongena,Solanaceae,N,Ev. Ang.,C,39.72,3,606,16.4,,2.01,30,Natural,3.2,42,25.1,0.597,0.505149978,1.62369939,1.399673721,-0.224025669,,,
281,D,Gulias,2003,Annal Bot,Solanum tuberosum,Solanaceae,N,Ev. Ang.,C,39.72,3,606,16.4,,2.01,30,Natural,2.2,40.8,19.7,0.483,0.342422681,1.610519095,1.294466226,-0.316052869,,,
282,D,Gulias,2003,Annal Bot,Sorghum bicolor,Poaceae,N,Graminoid,C,39.72,3,606,16.4,,2.01,30,Natural,1.5,89.1,35.9,0.403,0.176091259,1.949789402,1.555094449,-0.394694954,,,
284,D,Gulias,2003,Annal Bot,Triticale,Poaceae,N,Graminoid,C,39.72,3,606,16.4,,2.01,30,Natural,3.2,34.5,22.7,0.658,0.505149978,1.537799964,1.356025857,-0.181774106,,,
285,D,Gulias,2003,Annal Bot,Urginea maritima,Asparagaceae,N,Forb,C,39.72,3,606,16.4,,2.01,30,Natural,4.7,71.5,12.3,0.172,0.672097858,1.854376665,1.089905111,-0.764471553,,,
286,D,Gulias,2003,Annal Bot,Urtica atrovirens,Urticaceae,N,Forb,C,39.72,3,606,16.4,,2.01,30,Natural,1.8,45.9,15.6,0.34,0.255272505,1.661645681,1.193124598,-0.468521083,,,
287,D,Gulias,2003,Annal Bot,Verbascum sinuatum,Scrophulariaceae,N,Ev. Ang.,C,39.72,3,606,16.4,,2.01,30,Natural,1.5,32.1,24.9,0.776,0.176091259,1.506337626,1.396199347,-0.110138279,,,
289,D,Gulias,2003,Annal Bot,Viola balearica,Violaceae,N,Forb,C,39.72,3,606,16.4,,2.01,30,Natural,1.7,9.2,1.7,0.184,0.230448921,0.965631098,0.230448921,-0.735182177,,,
290,D,Gulias,2003,Annal Bot,Viola jaubertiana,Violaceae,N,Forb,C,39.72,3,606,16.4,,2.01,30,Natural,1.9,48.7,11.3,0.232,0.278753601,1.687590459,1.053078443,-0.634512015,,,
291,D,Gulias,2003,Annal Bot,Viola stolonifera,Violaceae,N,Forb,C,39.72,3,606,16.4,,2.01,30,Natural,1.6,54.3,12.5,0.23,0.204119983,1.735182177,1.096910013,-0.638272164,,,
292,D,Gulias,2003,Annal Bot,Vitex agnus-castus,Lamiaceae,N,Ev. Ang.,C,39.72,3,606,16.4,,2.01,30,Natural,2.8,47.9,22.6,0.472,0.447158031,1.680166441,1.354108439,-0.326058001,,,
293,D,Gulias,2003,Annal Bot,Vitis vinifera,Vitaceae,N,Dec. Ang.,C,39.72,3,606,16.4,,2.01,30,Natural,1.6,63.3,16.9,0.267,0.204119983,1.801375443,1.227886705,-0.573488739,,,
421,E,Lee,2001,New Phyt,Lespedeza bicolor,Fabaceae,F,Forb,D,45,-93,772,7.2,641,0.85,292,Natural,1.77,48.9,13.4,0.274,0.247973266,1.689354236,1.127104798,-0.562249437,15.9,62.89308176,1.201397124
422,E,Lee,2001,New Phyt,Lupinus,Fabaceae,F,Forb,D,45,-93,772,7.2,641,0.85,292,Natural,1.72,43.8,14.5,0.331,0.235528447,1.641540008,1.161368002,-0.480172006,18.3,54.64480874,1.26245109
416,E,Lee,2001,New Phyt,Achillea,Asteraceae,N,Forb,D,45,-93,772,7.2,641,0.85,292,Natural,1.75,31.5,10.8,0.343,0.243038049,1.498129635,1.033423755,-0.46470588,11.1,90.09009009,1.045322979
417,E,Lee,2001,New Phyt,Agropyron,Poaceae,N,Graminoid,D,45,-93,772,7.2,641,0.85,292,Natural,1,39.7,6.9,0.174,0,1.598299842,0.838849091,-0.759450752,19.5,51.28205128,1.290034611
418,E,Lee,2001,New Phyt,Anemone,Ranunculaceae,N,Forb,D,45,-93,772,7.2,641,0.85,292,Natural,1.26,45.7,5.8,0.127,0.100370545,1.659624273,0.763427994,-0.896196279,17.8,56.17977528,1.250420002
419,E,Lee,2001,New Phyt,Bromus,Poaceae,N,Graminoid,D,45,-93,772,7.2,641,0.85,292,Natural,0.72,29.1,7.5,0.258,-0.142667504,1.463441557,0.875061263,-0.588380294,19.8,50.50505051,1.29666519
420,E,Lee,2001,New Phyt,Koeleria,Poaceae,N,Graminoid,D,45,-93,772,7.2,641,0.85,292,Natural,1.23,28.9,7.7,0.266,0.089905111,1.461609089,0.886490725,-0.575118363,13.8,72.46376812,1.139879086
2078,AD,PRENTICE,2014,ECOL LETT,Acacia colletioides,Mimosaceae,F,Ev. Ang.,B,-32.98,146.16,396,17.9,,,177,,7.19,63,8.4,0.13,0.86,1.8,0.93,-0.87,2.9,347,0.46
2000,AA,PRENTICE,2014,ECOL LETT,Acacia dealbata,Mimosaceae,F,Ev. Ang.,C,-42.39,147.05,540.3,10.4,,,443,,2.43,69,11.6,0.17,0.39,1.84,1.07,-0.77,10.4,97,1.02
2063,AD,PRENTICE,2014,ECOL LETT,Acacia doratoxylon,Mimosaceae,F,Ev. Ang.,B,-32.98,146.16,396,17.9,,,177,,4.71,104,14.6,0.14,0.67,2.02,1.16,-0.85,4.5,222,0.65
2013,AB,PRENTICE,2014,ECOL LETT,Acacia flavescens,Mimosaceae,F,Ev. Ang.,C,-18.3,145.49,1066,21.6,,,700,,3.8,45,15.2,0.34,0.58,1.65,1.18,-0.47,5.5,183,0.74
2028,AC,PRENTICE,2014,ECOL LETT,Acacia floribunda,Mimosaceae,F,Ev. Ang.,C,-33.68,151.15,1133,17.3,,,100,,2.14,58,11,0.19,0.33,1.76,1.04,-0.72,10.1,99,1
2079,AD,PRENTICE,2014,ECOL LETT,Acacia havilandiorum,Mimosaceae,F,Ev. Ang.,B,-32.98,146.16,396,17.9,,,177,,6.39,97,12,0.12,0.81,1.99,1.08,-0.91,2.7,367,0.43
2014,AB,PRENTICE,2014,ECOL LETT,Acacia leptostachya,Mimosaceae,F,Ev. Ang.,C,-18.3,145.49,1066,21.6,,,700,,2.02,80,9.7,0.12,0.31,1.9,0.99,-0.91,5.6,180,0.74
2064,AD,PRENTICE,2014,ECOL LETT,Acacia oswaldii,Mimosaceae,F,Ev. Ang.,B,-32.98,146.16,396,17.9,,,177,,5.94,104,13.9,0.13,0.77,2.02,1.14,-0.87,3.1,319,0.5
2045,AC,PRENTICE,2014,ECOL LETT,Acacia suaveolens,Mimosaceae,F,Ev. Ang.,C,-33.68,151.15,1133,17.3,,,100,,4.04,51,9.6,0.19,0.61,1.71,0.98,-0.73,5.1,196,0.71
2080,AD,PRENTICE,2014,ECOL LETT,Acacia wilhelmiana,Mimosaceae,F,Ev. Ang.,B,-32.98,146.16,396,17.9,,,177,,3.41,128,8.5,0.07,0.53,2.11,0.93,-1.18,6.4,157,0.8
2062,AC,PRENTICE,2014,ECOL LETT,Allocasuarina sp,Casuarinaceae,F,Ev. Ang.,C,-33.68,151.15,1133,17.3,,,100,,1.94,60,9.4,0.16,0.29,1.78,0.98,-0.8,6.8,147,0.83
2015,AB,PRENTICE,2014,ECOL LETT,Allocasuarina torulosa,Casuarinaceae,F,Ev. Ang.,C,-18.3,145.49,1066,21.6,,,700,,2.83,109,5.6,0.05,0.45,2.04,0.75,-1.29,3.8,264,0.58
2001,AA,PRENTICE,2014,ECOL LETT,Aotus ericoides,Fabaceae,F,Ev. Ang.,C,-42.39,147.05,540.3,10.4,,,443,,2.23,114,11.4,0.1,0.35,2.06,1.06,-1,6.6,151,0.82
2003,AA,PRENTICE,2014,ECOL LETT,Bossiaea cinerea,Fabaceae,F,Ev. Ang.,C,-42.39,147.05,540.3,10.4,,,443,,2.1,94,6.8,0.07,0.32,1.97,0.83,-1.14,9.2,109,0.96
2092,AD,PRENTICE,2014,ECOL LETT,Bossiaea walkeri,Fabaceae,F,Ev. Ang.,B,-32.98,146.16,396,17.9,,,177,,4.66,69,11.1,0.16,0.67,1.84,1.05,-0.79,2.6,385,0.41
2005,AA,PRENTICE,2014,ECOL LETT,Daviesia latifolia,Fabaceae,F,Ev. Ang.,C,-42.39,147.05,540.3,10.4,,,443,,2.22,76,12.8,0.17,0.35,1.88,1.11,-0.77,8.3,120,0.92
2087,AD,PRENTICE,2014,ECOL LETT,Eutaxia microphylla,Fabaceae,F,Ev. Ang.,B,-32.98,146.16,396,17.9,,,177,,1.26,32,10.3,0.32,0.1,1.5,1.01,-0.49,9.2,109,0.96
2023,AB,PRENTICE,2014,ECOL LETT,Gastrolobium grandiflorum,Fabaceae,F,Ev. Ang.,C,-18.3,145.49,1066,21.6,,,700,,2.15,114,9,0.08,0.33,2.06,0.95,-1.1,6.7,148,0.83
2051,AC,PRENTICE,2014,ECOL LETT,Gompholobium glabratum,Fabaceae,F,Ev. Ang.,C,-33.68,151.15,1133,17.3,,,100,,1.99,38,7.7,0.2,0.3,1.58,0.89,-0.7,6,167,0.78
2060,AC,PRENTICE,2014,ECOL LETT,Phyllota phylicoides,Fabaceae,F,Ev. Ang.,C,-33.68,151.15,1133,17.3,,,100,,2.24,37,8.4,0.23,0.35,1.57,0.92,-0.65,6.2,162,0.79
2040,AC,PRENTICE,2014,ECOL LETT,Pultenaea daphnoides,Fabaceae,F,Ev. Ang.,C,-33.68,151.15,1133,17.3,,,100,,1.95,72,9.6,0.13,0.29,1.86,0.98,-0.87,9.9,101,0.99
2041,AC,PRENTICE,2014,ECOL LETT,Pultenaea flexilis,Fabaceae,F,Ev. Ang.,C,-33.68,151.15,1133,17.3,,,100,,1.46,54,10.1,0.19,0.16,1.73,1,-0.73,11.6,86,1.06
2012,AA,PRENTICE,2014,ECOL LETT,Pultenaea juniperina,Fabaceae,F,Ev. Ang.,C,-42.39,147.05,540.3,10.4,,,443,,2.32,105,8.9,0.09,0.37,2.02,0.95,-1.07,6.4,155,0.81
2074,AD,PRENTICE,2014,ECOL LETT,Senna artemisioides var 1lft,Fabaceae,F,Ev. Ang.,B,-32.98,146.16,396,17.9,,,177,,7.09,84,12.8,0.15,0.85,1.93,1.11,-0.82,2.5,394,0.4
2075,AD,PRENTICE,2014,ECOL LETT,Senna artemisioides var 3lft,Fabaceae,F,Ev. Ang.,B,-32.98,146.16,396,17.9,,,177,,4.39,54,14,0.26,0.64,1.74,1.15,-0.59,3.5,285,0.55
2029,AC,PRENTICE,2014,ECOL LETT,Astrotricha floccosa,Araliaceae,N,Ev. Ang.,C,-33.68,151.15,1133,17.3,,,100,,1.07,65,11.9,0.18,0.03,1.81,1.07,-0.74,12.6,79,1.1
2002,AA,PRENTICE,2014,ECOL LETT,Banksia marginata,Proteaceae,N,Ev. Ang.,C,-42.39,147.05,540.3,10.4,,,443,,1.68,92,17,0.19,0.23,1.96,1.23,-0.73,6,166,0.78
2046,AC,PRENTICE,2014,ECOL LETT,Banksia marginata,Proteaceae,N,Ev. Ang.,C,-33.68,151.15,1133,17.3,,,100,,1.87,63,19.5,0.31,0.27,1.8,1.29,-0.51,5,199,0.7
2081,AD,PRENTICE,2014,ECOL LETT,Bertya cunninghamii,Euphorbiaceae,N,Ev. Ang.,B,-32.98,146.16,396,17.9,,,177,,3.43,95,7.1,0.07,0.53,1.98,0.85,-1.13,5.7,176,0.76
2082,AD,PRENTICE,2014,ECOL LETT,Beyeria opaca,Euphorbiaceae,N,Ev. Ang.,B,-32.98,146.16,396,17.9,,,177,,2.88,102,5.7,0.06,0.46,2.01,0.76,-1.25,6.4,157,0.81
2047,AC,PRENTICE,2014,ECOL LETT,Boronia ledifolia,Rutaceae,N,Ev. Ang.,C,-33.68,151.15,1133,17.3,,,100,,1.85,41,8.7,0.21,0.27,1.61,0.94,-0.67,6.3,158,0.8
2093,AD,PRENTICE,2014,ECOL LETT,Brachychiton populneus,Malvaceae,N,Ev. Ang.,B,-32.98,146.16,396,17.9,,,177,,2.53,105,8.6,0.08,0.4,2.02,0.93,-1.09,7.1,141,0.85
2065,AD,PRENTICE,2014,ECOL LETT,Callitris glaucophylla,Cupressaceae,N,Gymnosperm,B,-32.98,146.16,396,17.9,,,177,,2.97,72,6.3,0.09,0.47,1.86,0.8,-1.05,4.2,236,0.63
2004,AA,PRENTICE,2014,ECOL LETT,Cassinia aculeata,Asteraceae,N,Ev. Ang.,C,-42.39,147.05,540.3,10.4,,,443,,1.7,132,10.6,0.08,0.23,2.12,1.02,-1.09,11.2,90,1.05
2083,AD,PRENTICE,2014,ECOL LETT,Cassinia laevis,Asteraceae,N,Ev. Ang.,B,-32.98,146.16,396,17.9,,,177,,2.74,121,6.9,0.06,0.44,2.08,0.84,-1.24,7.2,138,0.86
2030,AC,PRENTICE,2014,ECOL LETT,Correa reflexa,Rutaceae,N,Ev. Ang.,C,-33.68,151.15,1133,17.3,,,100,,0.63,43,4.5,0.1,-0.2,1.63,0.65,-0.98,16.1,62,1.21
2016,AB,PRENTICE,2014,ECOL LETT,Corymbia citriodora,Myrtaceae,N,Ev. Ang.,C,-18.3,145.49,1066,21.6,,,700,,1.85,56,16.3,0.29,0.27,1.75,1.21,-0.53,8.6,116,0.93
2048,AC,PRENTICE,2014,ECOL LETT,Corymbia gummifera,Myrtaceae,N,Ev. Ang.,C,-33.68,151.15,1133,17.3,,,100,,1.98,56,13,0.23,0.3,1.75,1.11,-0.63,4.5,222,0.65
2017,AB,PRENTICE,2014,ECOL LETT,Corymbia intermedia,Myrtaceae,N,Ev. Ang.,C,-18.3,145.49,1066,21.6,,,700,,1.41,62,8.9,0.14,0.15,1.79,0.95,-0.84,7.4,135,0.87
2018,AB,PRENTICE,2014,ECOL LETT,Corymbia trachyphloia,Myrtaceae,N,Ev. Ang.,C,-18.3,145.49,1066,21.6,,,700,,1.63,72,13.6,0.19,0.21,1.86,1.13,-0.73,6.9,145,0.84
2031,AC,PRENTICE,2014,ECOL LETT,Dodonaea triquetra,Sapindaceae,N,Ev. Ang.,C,-33.68,151.15,1133,17.3,,,100,,1.92,77,20.4,0.26,0.28,1.89,1.31,-0.58,10.1,99,1
2066,AD,PRENTICE,2014,ECOL LETT,Dodonaea viscosa ssp.angustissima,Sapindaceae,N,Ev. Ang.,B,-32.98,146.16,396,17.9,,,177,,2.93,51,12.2,0.24,0.47,1.71,1.09,-0.62,6.1,164,0.79
2067,AD,PRENTICE,2014,ECOL LETT,Dodonaea viscosa ssp.cuneata,Sapindaceae,N,Ev. Ang.,B,-32.98,146.16,396,17.9,,,177,,2.37,98,10,0.1,0.37,1.99,1,-0.99,9.3,107,0.97
2068,AD,PRENTICE,2014,ECOL LETT,Dodonaea viscosa ssp.spatulata,Sapindaceae,N,Ev. Ang.,B,-32.98,146.16,396,17.9,,,177,,2.83,107,11.4,0.11,0.45,2.03,1.06,-0.97,8,125,0.9
2006,AA,PRENTICE,2014,ECOL LETT,Epacris impressa,Epacridaceae,N,Ev. Ang.,C,-42.39,147.05,540.3,10.4,,,443,,0.94,103,4.1,0.04,-0.03,2.01,0.61,-1.41,9.7,103,0.99
2084,AD,PRENTICE,2014,ECOL LETT,Eremophila deserti,Myoporaceae,N,Ev. Ang.,B,-32.98,146.16,396,17.9,,,177,,3.26,99,9.1,0.09,0.51,1.99,0.96,-1.04,5.1,198,0.7
2094,AD,PRENTICE,2014,ECOL LETT,Eremophila glabra,Myoporaceae,N,Ev. Ang.,B,-32.98,146.16,396,17.9,,,177,,2.89,62,13.6,0.22,0.46,1.79,1.13,-0.66,6,168,0.77
2069,AD,PRENTICE,2014,ECOL LETT,Eremophila mitchelli,Myoporaceae,N,Ev. Ang.,B,-32.98,146.16,396,17.9,,,177,,3.81,88,9.2,0.1,0.58,1.94,0.96,-0.98,5.9,170,0.77
2049,AC,PRENTICE,2014,ECOL LETT,Eriostemon australasius,Rutaceae,N,Ev. Ang.,C,-33.68,151.15,1133,17.3,,,100,,2.58,41,10.1,0.25,0.41,1.61,1,-0.61,5.5,180,0.74
2085,AD,PRENTICE,2014,ECOL LETT,Eucalyptus dumosa,Myrtaceae,N,Ev. Ang.,B,-32.98,146.16,396,17.9,,,177,,3.56,100,13.4,0.13,0.55,2,1.13,-0.87,2.9,349,0.46
2050,AC,PRENTICE,2014,ECOL LETT,Eucalyptus haemostoma,Myrtaceae,N,Ev. Ang.,C,-33.68,151.15,1133,17.3,,,100,,2.36,37,12,0.33,0.37,1.57,1.08,-0.49,4.5,223,0.65
2070,AD,PRENTICE,2014,ECOL LETT,Eucalyptus intertexta,Myrtaceae,N,Ev. Ang.,B,-32.98,146.16,396,17.9,,,177,,3.24,106,18.1,0.17,0.51,2.02,1.26,-0.77,4.4,225,0.65
2032,AC,PRENTICE,2014,ECOL LETT,Eucalyptus paniculata,Myrtaceae,N,Ev. Ang.,C,-33.68,151.15,1133,17.3,,,100,,1.34,70,9.2,0.13,0.13,1.85,0.96,-0.88,8.6,117,0.93
2007,AA,PRENTICE,2014,ECOL LETT,Eucalyptus pauciflora,Myrtaceae,N,Ev. Ang.,C,-42.39,147.05,540.3,10.4,,,443,,3.33,127,12.2,0.1,0.52,2.1,1.09,-1.02,4.7,211,0.68
2019,AB,PRENTICE,2014,ECOL LETT,Eucalyptus portuensis,Myrtaceae,N,Ev. Ang.,C,-18.3,145.49,1066,21.6,,,700,,2.04,62,13.1,0.21,0.31,1.79,1.12,-0.68,4.9,206,0.69
2008,AA,PRENTICE,2014,ECOL LETT,Eucalyptus rubida,Myrtaceae,N,Ev. Ang.,C,-42.39,147.05,540.3,10.4,,,443,,2.47,121,12.3,0.1,0.39,2.08,1.09,-0.99,6.4,156,0.81
2086,AD,PRENTICE,2014,ECOL LETT,Eucalyptus socialis,Myrtaceae,N,Ev. Ang.,B,-32.98,146.16,396,17.9,,,177,,4.1,94,16.2,0.17,0.61,1.97,1.21,-0.76,3.1,318,0.5
2009,AA,PRENTICE,2014,ECOL LETT,Eucalyptus tenuiramis,Myrtaceae,N,Ev. Ang.,C,-42.39,147.05,540.3,10.4,,,443,,3.07,98,13.3,0.14,0.49,1.99,1.12,-0.87,5.6,180,0.75
2033,AC,PRENTICE,2014,ECOL LETT,Eucalyptus umbra,Myrtaceae,N,Ev. Ang.,C,-33.68,151.15,1133,17.3,,,100,,1.95,63,8,0.13,0.29,1.8,0.91,-0.9,5.1,197,0.71
2071,AD,PRENTICE,2014,ECOL LETT,Geijera parviflora,Rutaceae,N,Ev. Ang.,B,-32.98,146.16,396,17.9,,,177,,2.97,81,10.4,0.13,0.47,1.91,1.02,-0.89,5.3,190,0.72
2088,AD,PRENTICE,2014,ECOL LETT,Grevillea anethifolia,Proteaceae,N,Ev. Ang.,B,-32.98,146.16,396,17.9,,,177,,1.8,131,5.2,0.04,0.26,2.12,0.72,-1.4,6.9,145,0.84
2052,AC,PRENTICE,2014,ECOL LETT,Grevillea buxifolia,Proteaceae,N,Ev. Ang.,C,-33.68,151.15,1133,17.3,,,100,,1.04,42,8.6,0.21,0.02,1.62,0.94,-0.69,7,142,0.85
2020,AB,PRENTICE,2014,ECOL LETT,Grevillea glauca,Proteaceae,N,Ev. Ang.,C,-18.3,145.49,1066,21.6,,,700,,1.18,56,9.6,0.17,0.07,1.74,0.98,-0.76,6.6,152,0.82
2021,AB,PRENTICE,2014,ECOL LETT,Grevillea parallela,Proteaceae,N,Ev. Ang.,C,-18.3,145.49,1066,21.6,,,700,,1.85,41,14.1,0.34,0.27,1.61,1.15,-0.46,4.7,212,0.67
2053,AC,PRENTICE,2014,ECOL LETT,Grevillea speciosa,Proteaceae,N,Ev. Ang.,C,-33.68,151.15,1133,17.3,,,100,,1.38,29,8.8,0.3,0.14,1.47,0.95,-0.52,5.6,179,0.75
2054,AC,PRENTICE,2014,ECOL LETT,Hakea dactyloides,Proteaceae,N,Ev. Ang.,C,-33.68,151.15,1133,17.3,,,100,,1.76,64,12.6,0.2,0.24,1.81,1.1,-0.71,3.6,274,0.56
2072,AD,PRENTICE,2014,ECOL LETT,Hakea tephrosperma,Proteaceae,N,Ev. Ang.,B,-32.98,146.16,396,17.9,,,177,,4.76,110,10.8,0.1,0.68,2.04,1.03,-1.01,1.8,547,0.26
2055,AC,PRENTICE,2014,ECOL LETT,Hakea teretifolia,Proteaceae,N,Ev. Ang.,C,-33.68,151.15,1133,17.3,,,100,,2.26,52,14.1,0.27,0.35,1.72,1.15,-0.57,2.5,404,0.39
2056,AC,PRENTICE,2014,ECOL LETT,Hibbertia bracteata,Dilleniaceae,N,Ev. Ang.,C,-33.68,151.15,1133,17.3,,,100,,1.26,31,6.7,0.22,0.1,1.49,0.83,-0.66,7.8,128,0.89
2057,AC,PRENTICE,2014,ECOL LETT,Lambertia formosa,Proteaceae,N,Ev. Ang.,C,-33.68,151.15,1133,17.3,,,100,,1.49,42,9.3,0.22,0.17,1.63,0.97,-0.66,4.2,237,0.63
2034,AC,PRENTICE,2014,ECOL LETT,Lasiopetalum ferrugineum,Malvaceae,N,Ev. Ang.,C,-33.68,151.15,1133,17.3,,,100,,1.3,57,8.1,0.14,0.11,1.76,0.91,-0.85,9.3,108,0.97
2035,AC,PRENTICE,2014,ECOL LETT,Leptospermum polygalifolium,Myrtaceae,N,Ev. Ang.,C,-33.68,151.15,1133,17.3,,,100,,1.09,42,8.6,0.21,0.04,1.62,0.93,-0.69,12.8,78,1.11
2058,AC,PRENTICE,2014,ECOL LETT,Leptospermum trinervium,Myrtaceae,N,Ev. Ang.,C,-33.68,151.15,1133,17.3,,,100,,0.97,43,4.5,0.1,-0.01,1.63,0.65,-0.98,8.2,122,0.91
2010,AA,PRENTICE,2014,ECOL LETT,Leucopogon ericoides,Epacridaceae,N,Ev. Ang.,C,-42.39,147.05,540.3,10.4,,,443,,1.28,108,9.7,0.09,0.11,2.03,0.99,-1.05,8.9,112,0.95
2036,AC,PRENTICE,2014,ECOL LETT,Lomatia silaifolia,Proteaceae,N,Ev. Ang.,C,-33.68,151.15,1133,17.3,,,100,,0.88,54,5.9,0.11,-0.06,1.73,0.77,-0.96,8.3,120,0.92
2022,AB,PRENTICE,2014,ECOL LETT,Lophostemon suaveolens,Myrtaceae,N,Ev. Ang.,C,-18.3,145.49,1066,21.6,,,700,,1.77,49,12.1,0.25,0.25,1.69,1.08,-0.6,7.3,137,0.86
2095,AD,PRENTICE,2014,ECOL LETT,Melaleuca uncinata,Myrtaceae,N,Ev. Ang.,B,-32.98,146.16,396,17.9,,,177,,4.77,71,12.7,0.18,0.68,1.85,1.11,-0.74,3.5,288,0.54
2089,AD,PRENTICE,2014,ECOL LETT,Micromyrtus sessilis,Myrtaceae,N,Ev. Ang.,B,-32.98,146.16,396,17.9,,,177,,3.19,99,5.1,0.05,0.5,2,0.7,-1.29,4.7,211,0.68
2090,AD,PRENTICE,2014,ECOL LETT,Olearia decurrens,Asteraceae,N,Ev. Ang.,B,-32.98,146.16,396,17.9,,,177,,2.59,112,10.3,0.09,0.41,2.05,1.01,-1.03,7.6,131,0.88
2096,AD,PRENTICE,2014,ECOL LETT,Olearia pimelioides,Asteraceae,N,Ev. Ang.,B,-32.98,146.16,396,17.9,,,177,,2.76,85,6.8,0.08,0.44,1.93,0.83,-1.1,8.7,115,0.94
2024,AB,PRENTICE,2014,ECOL LETT,Persoonia falcata,Proteaceae,N,Ev. Ang.,C,-18.3,145.49,1066,21.6,,,700,,1.97,53,14.1,0.27,0.3,1.73,1.15,-0.58,5.2,194,0.71
2011,AA,PRENTICE,2014,ECOL LETT,Persoonia juniperina,Proteaceae,N,Ev. Ang.,C,-42.39,147.05,540.3,10.4,,,443,,1.86,87,2.8,0.03,0.27,1.94,0.45,-1.49,4.6,217,0.66
2059,AC,PRENTICE,2014,ECOL LETT,Persoonia levis,Proteaceae,N,Ev. Ang.,C,-33.68,151.15,1133,17.3,,,100,,1.08,48,8.2,0.17,0.03,1.68,0.91,-0.77,5.4,186,0.73
2038,AC,PRENTICE,2014,ECOL LETT,Persoonia linearis,Proteaceae,N,Ev. Ang.,C,-33.68,151.15,1133,17.3,,,100,,1.24,34,7.4,0.22,0.09,1.53,0.87,-0.66,6.5,155,0.81
2025,AB,PRENTICE,2014,ECOL LETT,Petalostigma pubescens,Picrodendraceae,N,Ev. Ang.,C,-18.3,145.49,1066,21.6,,,700,,1.49,48,10,0.21,0.17,1.68,1,-0.68,7.1,141,0.85
2097,AD,PRENTICE,2014,ECOL LETT,Philotheca difformis,Rutaceae,N,Ev. Ang.,B,-32.98,146.16,396,17.9,,,177,,3.77,77,10.1,0.13,0.58,1.89,1,-0.88,3.8,261,0.58
2061,AC,PRENTICE,2014,ECOL LETT,Pimelea linifolia,Thymelaeaceae,N,Ev. Ang.,C,-33.68,151.15,1133,17.3,,,100,,1,33,7.9,0.24,0,1.52,0.9,-0.62,13.5,74,1.13
2073,AD,PRENTICE,2014,ECOL LETT,Pimelea microcephala,Thymelaeaceae,N,Ev. Ang.,B,-32.98,146.16,396,17.9,,,177,,2.39,105,10.6,0.1,0.38,2.02,1.03,-0.99,12.5,80,1.1
2026,AB,PRENTICE,2014,ECOL LETT,Planchonia careya,Lecythidaceae,N,Ev. Ang.,C,-18.3,145.49,1066,21.6,,,700,,1.74,57,11.1,0.19,0.24,1.76,1.05,-0.71,10.4,96,1.02
2039,AC,PRENTICE,2014,ECOL LETT,Pomaderris ferruginea,Rhamnaceae,N,Ev. Ang.,C,-33.68,151.15,1133,17.3,,,100,,0.96,55,7.6,0.14,-0.02,1.74,0.88,-0.87,12.4,81,1.09
2091,AD,PRENTICE,2014,ECOL LETT,Santalum acuminatum,Santalaceae,N,Ev. Ang.,B,-32.98,146.16,396,17.9,,,177,,3.61,57,7.4,0.13,0.56,1.76,0.87,-0.89,2.9,347,0.46
2076,AD,PRENTICE,2014,ECOL LETT,Solanum ferocissium,Solanaceae,N,Ev. Ang.,B,-32.98,146.16,396,17.9,,,177,,2.85,83,9.5,0.11,0.46,1.92,0.98,-0.94,15,67,1.18
2077,AD,PRENTICE,2014,ECOL LETT,Spartothamnella puberula,Lamiaceae,N,Ev. Ang.,B,-32.98,146.16,396,17.9,,,177,,3.69,89,13.3,0.15,0.57,1.95,1.12,-0.83,8.9,112,0.95
2042,AC,PRENTICE,2014,ECOL LETT,Syncarpia glomulifera,Myrtaceae,N,Ev. Ang.,C,-33.68,151.15,1133,17.3,,,100,,1.49,86,9.2,0.11,0.17,1.93,0.96,-0.97,6.3,158,0.8
2043,AC,PRENTICE,2014,ECOL LETT,Synoum glandulosum,Meliaceae,N,Ev. Ang.,C,-33.68,151.15,1133,17.3,,,100,,1.45,85,6.5,0.08,0.16,1.93,0.81,-1.12,11.6,86,1.07
2044,AC,PRENTICE,2014,ECOL LETT,Xylomelum pyriforme,Proteaceae,N,Ev. Ang.,C,-33.68,151.15,1133,17.3,,,100,,1.38,72,10.5,0.15,0.14,1.86,1.02,-0.84,6,166,0.78
2027,AB,PRENTICE,2014,ECOL LETT,Xylomelum scottianum,Proteaceae,N,Ev. Ang.,C,-18.3,145.49,1066,21.6,,,700,,1.13,40,10.6,0.27,0.05,1.6,1.03,-0.57,7.4,136,0.87
1183,G,Quilici,1998,Photosynthetica,Crotalaria anagyroides,Fabaceae,F,Ev. Ang.,A,10.33,-66.92,1063,21.1,1203,1.57,1050,Natural,1.14,12.4,17.8,1.44,0.056904851,1.09205751,1.250420002,0.158362492,,,
1184,G,Quilici,1998,Photosynthetica,Verbesina turbacensis,Asteraceae,N,Ev. Ang.,A,10.33,-66.92,1063,21.1,1203,1.57,1050,Natural,1.31,28.2,10.7,0.38,0.117271296,1.449600181,1.029383778,-0.420216403,,,
1211,M,Reich,1999,Ecology,Baptisia leucophaea,Fabaceae,F,Forb,D,43.03,-89.47,820,7.5,657,0.83,275,Natural,3.38,31.1,15,0.481,0.528684054,1.492786517,1.174931594,-0.317854924,10.626993,94.09999611,1.026410395
1227,J,Reich,1999,Ecology,Eleagnus angustifolia,Elaeagnaceae,F,Ev. Ang.,B,34.62,-106.9,216,12.9,371,4.77,1580,Natural,3.21,34.9,14.1,0.404,0.506461387,1.542837748,1.149219113,-0.393618635,12.4,80.64516129,1.093421685
1228,H,Reich,1999,Ecology,Eperua leucantha,Fabaceae,F,Ev. Ang.,A,1.93,-67.05,3435,26.2,1652,0.48,120,Natural,1.31,21.2,3.7,0.173,0.118729496,1.326619961,0.564666064,-0.761953897,9.51,105.1524711,0.978180517
1268,J,Reich,1999,Ecology,Prosopis glandulosa,Fabaceae,F,Ev. Ang.,B,34.62,-106.9,216,12.9,371,4.77,1580,Natural,4.86,48.8,17.9,0.367,0.686929386,1.688186967,1.252853031,-0.435333936,5.12,195.3125,0.709269961
1281,K,Reich,1999,Ecology,Robinia pseudoacacia,Fabaceae,F,Ev. Ang.,C,35,-83.5,1915,10.9,963,0.5,850,Natural,1.64,31.6,9.4,0.297,0.214883969,1.500371404,0.973127854,-0.527243551,26.4,37.87878788,1.421603927
1204,K,Reich,1999,Ecology,Acer rubrum,Aceraceae,N,Dec. Ang.,C,35,-83.5,1915,10.9,963,0.5,850,Natural,1.15,32.5,7.7,0.237,0.059516086,1.511742379,0.886490725,-0.625251654,16,62.5,1.204119983
1206,M,Reich,1999,Ecology,Andromeda glaucophylla,Ericaceae,N,Ev. Ang.,D,43.03,-89.47,820,7.5,657,0.83,275,Natural,1.83,30,9.3,0.309,0.26358873,1.477589497,0.967547976,-0.510041521,7.5757576,131.9999996,0.87942607
1208,H,Reich,1999,Ecology,Aspidosperma album,Apocynaceae,N,Ev. Ang.,A,1.93,-67.05,3435,26.2,1652,0.48,120,Natural,1.3,15.8,6.5,0.411,0.11240373,1.198402875,0.812244697,-0.386158178,8.26,121.0653753,0.916980047
1209,J,Reich,1999,Ecology,Atriplex canescens,Amaranthaceae ,N,Forb,B,34.62,-106.9,216,12.9,371,4.77,1580,Natural,5.29,48.9,17.1,0.35,0.723428788,1.688928066,1.23299611,-0.455931956,3.97,251.8891688,0.598790507
1210,J,Reich,1999,Ecology,Baccharis angustifolia,Asteraceae,N,Ev. Ang.,B,34.62,-106.9,216,12.9,371,4.77,1580,Natural,1.86,32.5,18.7,0.575,0.268671547,1.512173762,1.271841607,-0.240332155,10.504202,95.19999711,1.021363065
1212,H,Reich,1999,Ecology,Bellucia grossularioides,Melastomataceae ,N,Ev. Ang.,A,1.93,-67.05,3435,26.2,1652,0.48,120,Natural,2.16,8.2,14,1.707,0.335235671,0.91327365,1.145507171,0.232233521,7.81,128.0409731,0.892651034
1213,M,Reich,1999,Ecology,Betula nigra,Betulaceae,N,Dec. Ang.,D,43.03,-89.47,820,7.5,657,0.83,275,Natural,1.93,33.8,10,0.296,0.28605284,1.528708289,1,-0.528708289,11.8,84.74576271,1.071882007
1214,M,Reich,1999,Ecology,Betula pumilla,Betulaceae,N,Dec. Ang.,D,43.03,-89.47,820,7.5,657,0.83,275,Natural,1.62,28.3,7.2,0.255,0.210385411,1.451997017,0.858537198,-0.59345982,9.3023256,107.4999998,0.968591537
1217,H,Reich,1999,Ecology,Caraipa heterocarpa,Calophyllaceae,N,Ev. Ang.,A,1.93,-67.05,3435,26.2,1652,0.48,120,Natural,1.37,23.8,5.7,0.241,0.137253255,1.37689485,0.758911892,-0.617982957,6.78,147.4926254,0.831229694
1218,M,Reich,1999,Ecology,Carya ovata,Juglandaceae,N,Dec. Ang.,D,43.03,-89.47,820,7.5,657,0.83,275,Natural,1.77,26.6,8.4,0.316,0.247447168,1.424592203,0.924279286,-0.500312917,11.2,89.28571429,1.049218023
1219,M,Reich,1999,Ecology,Caulophyllum thalictroides,Berberidaceae,N,Forb,D,43.03,-89.47,820,7.5,657,0.83,275,Natural,1.37,44,5.9,0.134,0.136534055,1.643747213,0.770852012,-0.872895202,42.5,23.52941176,1.62838893
1220,H,Reich,1999,Ecology,Cecropia ficifolia,Urticaceae,N,Ev. Ang.,A,1.93,-67.05,3435,26.2,1652,0.48,120,Natural,1.71,7.8,17.7,2.272,0.23252866,0.891564939,1.247973266,0.356408327,14.46,69.15629322,1.160168293
1221,M,Reich,1999,Ecology,Celtis occidentalis,Cannabaceae,N,Ev. Ang.,D,43.03,-89.47,820,7.5,657,0.83,275,Natural,1.98,24.1,9.7,0.403,0.295612531,1.381466688,0.986771734,-0.394694954,12.1,82.6446281,1.08278537
1222,M,Reich,1999,Ecology,Chamaedaphne calyculata,Ericaceae,N,Ev. Ang.,D,43.03,-89.47,820,7.5,657,0.83,275,Natural,1.04,20.4,6.1,0.299,0.015066209,1.309658647,0.785329835,-0.524328812,11.494253,86.99999904,1.060480752
1223,H,Reich,1999,Ecology,Clidemia sericea,Melastomataceae,N,Ev. Ang.,A,1.93,-67.05,3435,26.2,1652,0.48,120,Natural,1.31,15.2,9.1,0.597,0.11573687,1.183067061,0.959041392,-0.224025669,12.64,79.11392405,1.101747074
1224,M,Reich,1999,Ecology,Cornus racemosa,Cornaceae,N,Dec. Ang.,D,43.03,-89.47,820,7.5,657,0.83,275,Natural,1.18,28,7,0.25,0.071462891,1.447158031,0.84509804,-0.602059991,12.3,81.30081301,1.089905111
1225,M,Reich,1999,Ecology,Dentaria laciniata,Brassicaceae,N,Forb,D,43.03,-89.47,820,7.5,657,0.83,275,Natural,1.78,62.6,14.2,0.227,0.25151942,1.796262487,1.152288344,-0.643974143,29.7,33.67003367,1.472756449
1226,M,Reich,1999,Ecology,Echinacea purpurea,Asteraceae,N,Forb,D,43.03,-89.47,820,7.5,657,0.83,275,Natural,1.17,20.4,9.8,0.48,0.067188131,1.308653326,0.989894564,-0.318758763,12.85,77.82101167,1.108903128
1229,M,Reich,1999,Ecology,Erythronium americanum,Liliaceae,N,Forb,D,43.03,-89.47,820,7.5,657,0.83,275,Natural,1.89,33.1,11.9,0.359,0.276896316,1.520452513,1.075546961,-0.444905551,22.2,45.04504505,1.346352974
1230,K,Reich,1999,Ecology,Eupatorium rugesum,Asteraceae,N,Forb,C,35,-83.5,1915,10.9,963,0.5,850,Natural,0.84,30.6,6.9,0.224,-0.077886776,1.485442553,0.835690571,-0.649751982,46.9,21.32196162,1.671172843
1231,M,Reich,1999,Ecology,Fraxinus americana,Oleaceae,N,Dec. Ang.,D,43.03,-89.47,820,7.5,657,0.83,275,Natural,1.43,21.1,8.6,0.408,0.156786104,1.323838288,0.934498451,-0.389339837,13.8,72.46376812,1.139879086
1232,K,Reich,1999,Ecology,Galax aphylla,Diapensiaceae,N,Forb,C,35,-83.5,1915,10.9,963,0.5,850,Natural,0.71,56.3,4.9,0.087,-0.147520006,1.750676827,0.69019608,-1.060480747,12.5,80,1.096910013
1233,H,Reich,1999,Ecology,Goupia glabra,Goupiaceae,N,Ev. Ang.,A,1.93,-67.05,3435,26.2,1652,0.48,120,Natural,1.16,26.2,7.9,0.3,0.065367796,1.417748402,0.894869657,-0.522878745,12.99,76.98229407,1.113609151
1234,J,Reich,1999,Ecology,Gutierrezia sarothrae,Asteraceae,N,Forb,B,34.62,-106.9,216,12.9,371,4.77,1580,Natural,4.96,22.9,14.7,0.641,0.695131299,1.360459305,1.167317335,-0.19314197,3.3898305,295.0000007,0.530177983
1235,K,Reich,1999,Ecology,Helianthus microcephalus,Asteraceae,N,Forb,C,35,-83.5,1915,10.9,963,0.5,850,Natural,1.04,19.6,10.5,0.536,0.01862757,1.292024509,1.021189299,-0.27083521,25.1,39.84063745,1.399673721
1236,M,Reich,1999,Ecology,Ilex verticillata,Aquifoliaceae,N,Ev. Ang.,D,43.03,-89.47,820,7.5,657,0.83,275,Natural,1.4,30.7,6.6,0.215,0.14745988,1.487105476,0.819543936,-0.66756154,11.037528,90.59999667,1.042871818
1237,M,Reich,1999,Ecology,Juglans nigra,Juglandaceae,N,Dec. Ang.,D,43.03,-89.47,820,7.5,657,0.83,275,Natural,0.97,35.8,5.8,0.162,-0.013008128,1.553912979,0.763427994,-0.790484985,30.5,32.78688525,1.484299839
1238,J,Reich,1999,Ecology,Juniperus monosperma,Cupressaceae,N,Gymnosperm,B,34.62,-106.9,216,12.9,371,4.77,1580,Natural,9.14,51,7.7,0.151,0.960975892,1.707513778,0.886490725,-0.821023053,1.28,781.25,0.10720997
1239,K,Reich,1999,Ecology,Kalmia latifolia,Ericaceae,N,Ev. Ang.,C,35,-83.5,1915,10.9,963,0.5,850,Natural,1.22,27.9,4.8,0.172,0.085266032,1.44571279,0.681241237,-0.764471553,9.45,105.8201058,0.975431809
1240,M,Reich,1999,Ecology,Larix decidua,Pinaceae,N,Gymnosperm,D,43.03,-89.47,820,7.5,657,0.83,275,Natural,1.51,35.6,8.9,0.25,0.179204494,1.551449998,0.949390007,-0.602059991,13.9,71.94244604,1.1430148
1241,M,Reich,1999,Ecology,Larix laricina,Pinaceae,N,Gymnosperm,D,43.03,-89.47,820,7.5,657,0.83,275,Natural,1.72,15.1,6.7,0.445,0.234517285,1.177714792,0.826074803,-0.351639989,8.3333333,120.0000005,0.920818752
1242,J,Reich,1999,Ecology,Larrea tridentata,Zygophyllaceae,N,Ev. Ang.,B,34.62,-106.9,216,12.9,371,4.77,1580,Natural,4.9,55.5,18.3,0.33,0.690106544,1.74393715,1.26245109,-0.48148606,3.96,252.5252525,0.597695186
1243,H,Reich,1999,Ecology,Licania heteromorpha,Chrysobalanaceae,N,Ev. Ang.,A,1.93,-67.05,3435,26.2,1652,0.48,120,Natural,1.93,21.1,8,0.378,0.285928288,1.324511092,0.902002891,-0.4225082,6.73,148.5884101,0.828015064
1244,K,Reich,1999,Ecology,Liriodendron tulipifera,Magnoliaceae,N,Dec. Ang.,C,35,-83.5,1915,10.9,963,0.5,850,Natural,1.36,22.7,10.2,0.45,0.132764074,1.355387658,1.008600172,-0.346787486,16.5,60.60606061,1.217483944
1245,M,Reich,1999,Ecology,Lonicera bella,Caprifoliaceae,N,Ev. Ang.,D,43.03,-89.47,820,7.5,657,0.83,275,Natural,1.58,30.6,9.8,0.32,0.199572355,1.486076097,0.991226076,-0.494850022,12,83.33333333,1.079181246
1247,H,Reich,1999,Ecology,Manihot esculenta,Euphorbiaceae,N,Ev. Ang.,A,1.93,-67.05,3435,26.2,1652,0.48,120,Natural,1.45,14.9,16.9,1.132,0.160392482,1.174040278,1.227886705,0.053846427,27.51,36.35041803,1.43949059
1248,H,Reich,1999,Ecology,Miconia dispar,Melastomataceae,N,Ev. Ang.,A,1.93,-67.05,3435,26.2,1652,0.48,120,Natural,1.76,10.2,10.3,1.009,0.245709374,1.008524209,1.012415375,0.003891166,9.03,110.7419712,0.95568775
1249,H,Reich,1999,Ecology,Micrandra sprucei,Euphorbiaceae,N,Ev. Ang.,A,1.93,-67.05,3435,26.2,1652,0.48,120,Natural,1.85,24.9,7.4,0.298,0.267010908,1.396187641,0.870403905,-0.525783736,5.84,171.2328767,0.766412847
1250,H,Reich,1999,Ecology,Neea obovata,Nyctaginaceae,N,Ev. Ang.,A,1.93,-67.05,3435,26.2,1652,0.48,120,Natural,1.78,13.4,6.4,0.479,0.251559158,1.125844461,0.806179974,-0.319664487,10.31,96.99321048,1.013258665
1251,H,Reich,1999,Ecology,Ocotea costulata,Lauraceae,N,Ev. Ang.,A,1.93,-67.05,3435,26.2,1652,0.48,120,Natural,1.95,17.9,5.9,0.329,0.290730039,1.252919397,0.770115295,-0.482804102,7.68,130.2083333,0.88536122
1254,M,Reich,1999,Ecology,Picea glauca,Pinaceae,N,Gymnosperm,D,43.03,-89.47,820,7.5,657,0.83,275,Natural,3.54,34.6,6.6,0.19,0.549353641,1.538811769,0.81756537,-0.721246399,3.5,285.7142857,0.544068044
1255,M,Reich,1999,Ecology,Pinus banksiana,Pinaceae,N,Gymnosperm,D,43.03,-89.47,820,7.5,657,0.83,275,Natural,3.02,32.7,7.6,0.231,0.480637828,1.514909816,0.878521796,-0.63638802,4.1,243.902439,0.612783857
1256,J,Reich,1999,Ecology,Pinus edulis,Pinaceae,N,Gymnosperm,B,34.62,-106.9,216,12.9,371,4.77,1580,Natural,4.33,39.8,4.1,0.103,0.636139781,1.599946632,0.612783857,-0.987162775,2.45,408.1632653,0.389166084
1259,K,Reich,1999,Ecology,Pinus rigida,Pinaceae,N,Gymnosperm,C,35,-83.5,1915,10.9,963,0.5,850,Natural,2.37,35.6,11.3,0.317,0.37514913,1.552019181,1.053078443,-0.498940738,4.89,204.4989775,0.689308859
1261,K,Reich,1999,Ecology,Pinus strobus,Pinaceae,N,Gymnosperm,C,35,-83.5,1915,10.9,963,0.5,850,Natural,1.47,30.1,6,0.198,0.166545941,1.478581069,0.77524626,-0.70333481,9.2,108.6956522,0.963787827
1262,M,Reich,1999,Ecology,Pinus strobus,Pinaceae,N,Gymnosperm,D,43.03,-89.47,820,7.5,657,0.83,275,Natural,2.3,29.7,6.1,0.205,0.361217202,1.472149718,0.783903579,-0.688246139,7.4,135.1351351,0.86923172
1263,K,Reich,1999,Ecology,Podophyllum peltatum,Berberidaceae,N,Forb,C,35,-83.5,1915,10.9,963,0.5,850,Natural,1.28,38.5,6.5,0.169,0.1088,1.585026652,0.812913357,-0.772113295,32.3,30.95975232,1.509202522
1264,M,Reich,1999,Ecology,Podophyllum peltatum,Berberidaceae,N,Forb,D,43.03,-89.47,820,7.5,657,0.83,275,Natural,1.45,48.2,7.9,0.164,0.160349044,1.682783243,0.897627091,-0.785156152,30.9,32.36245955,1.489958479
1265,M,Reich,1999,Ecology,Populus deltoides,Salicaceae,N,Dec. Ang.,D,43.03,-89.47,820,7.5,657,0.83,275,Natural,2.15,24.9,14.8,0.595,0.331519318,1.39574475,1.170261715,-0.225483034,11,90.90909091,1.041392685
1266,J,Reich,1999,Ecology,Populus fremontii,Salicaceae,N,Dec. Ang.,B,34.62,-106.9,216,12.9,371,4.77,1580,Natural,1.98,29.1,14.4,0.495,0.296864069,1.463757293,1.158362492,-0.305394801,8.38,119.3317422,0.923244019
1267,M,Reich,1999,Ecology,Populus tremuloides,Salicaceae,N,Dec. Ang.,D,43.03,-89.47,820,7.5,657,0.83,275,Natural,1.83,27.6,11.9,0.431,0.261606903,1.441069691,1.075546961,-0.36552273,12.1,82.6446281,1.08278537
1269,H,Reich,1999,Ecology,Protium sp1,Burseraceae,N,Ev. Ang.,A,1.93,-67.05,3435,26.2,1652,0.48,120,Natural,0.99,12.6,4,0.321,-0.003019441,1.098800014,0.605305046,-0.493494968,8.66,115.4734411,0.937517892
1270,H,Reich,1999,Ecology,Protium sp2,Burseraceae,N,Ev. Ang.,A,1.93,-67.05,3435,26.2,1652,0.48,120,Natural,2.16,21.5,8.2,0.381,0.334159414,1.331828328,0.912753304,-0.419075024,8.2,121.9512195,0.913813852
1271,H,Reich,1999,Ecology,Protium sp3,Burseraceae,N,Ev. Ang.,A,1.93,-67.05,3435,26.2,1652,0.48,120,Natural,1.77,20.7,5.7,0.274,0.248661092,1.316597773,0.754348336,-0.562249437,5.81,172.1170396,0.764176132
1273,K,Reich,1999,Ecology,Quercus coccinea,Fagaceae,N,Dec. Ang.,C,35,-83.5,1915,10.9,963,0.5,850,Natural,1.47,28.7,9.7,0.338,0.166164096,1.457855034,0.986771734,-0.4710833,11.8,84.74576271,1.071882007
1275,M,Reich,1999,Ecology,Quercus macrocarpa,Fagaceae,N,Dec. Ang.,D,43.03,-89.47,820,7.5,657,0.83,275,Natural,2.06,22.7,13.6,0.598,0.314163011,1.356837724,1.133538908,-0.223298816,11.4,87.71929825,1.056904851
1277,H,Reich,1999,Ecology,Retiniphyllum truncatum,Rubiaceae,N,Ev. Ang.,A,1.93,-67.05,3435,26.2,1652,0.48,120,Natural,0.82,11.5,5.6,0.49,-0.085521424,1.059540236,0.749736316,-0.30980392,8.28,120.7729469,0.918030337
1278,M,Reich,1999,Ecology,Rhamnus cathartica,Rhamnaceae,N,Dec. Ang.,D,43.03,-89.47,820,7.5,657,0.83,275,Natural,2,25,11,0.44,0.301029996,1.397940009,1.041392685,-0.356547324,11.5,86.95652174,1.06069784
1279,K,Reich,1999,Ecology,Rhododendron maximum,Ericaceae,N,Ev. Ang.,C,35,-83.5,1915,10.9,963,0.5,850,Natural,1.76,50.3,6.8,0.136,0.245189592,1.701517193,0.835056102,-0.866461092,4.89,204.4989775,0.689308859
1280,H,Reich,1999,Ecology,Rhodognaphalopsis humilis,Ericaceae,N,Ev. Ang.,A,1.93,-67.05,3435,26.2,1652,0.48,120,Natural,1.04,8.9,6.2,0.693,0.015876762,0.951658455,0.792391689,-0.159266765,7.52,132.9787234,0.876217841
1284,M,Reich,1999,Ecology,Sanguinaria canadensis,Papaveraceae,N,Forb,D,43.03,-89.47,820,7.5,657,0.83,275,Natural,1.67,38,7.9,0.208,0.222659757,1.579563756,0.897627091,-0.681936665,32.1,31.15264798,1.506505032
1285,M,Reich,1999,Ecology,Sarracenia purpurea,Sarraceniaceae,N,Forb,D,43.03,-89.47,820,7.5,657,0.83,275,Natural,1.46,20.3,2.9,0.144,0.164114821,1.307020359,0.465382851,-0.841637508,7.8125,128,0.89279003
1286,M,Reich,1999,Ecology,Silphium integrifolium,Asteraceae,N,Forb,D,43.03,-89.47,820,7.5,657,0.83,275,Natural,1.43,20.9,10,0.478,0.154606538,1.320572103,1,-0.320572103,11.627907,85.99999983,1.06550155
1287,M,Reich,1999,Ecology,Silphium terebinthinaceum,Asteraceae,N,Forb,D,43.03,-89.47,820,7.5,657,0.83,275,Natural,1.08,21.9,13.5,0.615,0.034510851,1.339847169,1.128722284,-0.211124884,13.3,75.18796992,1.123851641
1288,H,Reich,1999,Ecology,Solanum straminifolia,Solanaceae,N,Ev. Ang.,A,1.93,-67.05,3435,26.2,1652,0.48,120,Natural,1.36,8.7,13.5,1.556,0.134799303,0.937358003,1.129367596,0.192009593,28.74,34.7947112,1.458486764
1290,M,Reich,1999,Ecology,Thuja occidentalis,Cupressaceae,N,Gymnosperm,D,43.03,-89.47,820,7.5,657,0.83,275,Natural,1.69,44.2,7.2,0.163,0.229118458,1.645144892,0.857332496,-0.787812396,4.4843049,223.0000016,0.651695134
1291,M,Reich,1999,Ecology,Trillium grandiflora,Melanthiaceae,N,Forb,D,43.03,-89.47,820,7.5,657,0.83,275,Natural,1.45,11.6,5.8,0.499,0.159981486,1.065327448,0.763427994,-0.301899454,35.7,28.01120448,1.552668216
1292,K,Reich,1999,Ecology,Tsuga canadensis,Pinaceae,N,Gymnosperm,C,35,-83.5,1915,10.9,963,0.5,850,Natural,1.21,39,5.5,0.141,0.083945036,1.591143577,0.740362689,-0.850780887,8.16,122.5490196,0.911690159
1293,M,Reich,1999,Ecology,Ulmus americana,Ulmaceae,N,Dec. Ang.,D,43.03,-89.47,820,7.5,657,0.83,275,Natural,2.3,30.4,13.8,0.454,0.361278023,1.482823234,1.139879086,-0.342944147,8.4,119.047619,0.924279286
1297,H,Reich,1999,Ecology,Vismia japurensis,Hypericaceae,N,Dec. Ang.,A,1.93,-67.05,3435,26.2,1652,0.48,120,Natural,1.56,13.2,12.8,0.975,0.192003237,1.119560408,1.108565024,-0.010995384,10.54,94.87666034,1.022840611
1298,H,Reich,1999,Ecology,Vismia lauriformis,Hypericaceae,N,Dec. Ang.,A,1.93,-67.05,3435,26.2,1652,0.48,120,Natural,1.57,15.5,13.8,0.889,0.194806801,1.190347457,1.139249218,-0.051098239,11.43,87.48906387,1.05804623
1429,N,Sobrado ,1991,Functional Ecology,Humboldtiella arborea,Fabaceae,F,Ev. Ang.,A,10.25,-67.33,1034,22.8,1095,1.56,711,Natural,1.12,49.3,6.9,0.14,0.049218023,1.692721055,0.838849091,-0.853871964,26.8,37.31343284,1.428134794
1430,N,Sobrado ,1991,Functional Ecology,Lonchocarpus dipteroneurus,Fabaceae,F,Ev. Ang.,A,10.25,-67.33,1034,22.8,1095,1.56,711,Natural,1.68,52.8,9.4,0.178,0.225309282,1.722707851,0.973127854,-0.749579998,24.2,41.32231405,1.383815366
1433,N,Sobrado ,1991,Functional Ecology,Pithecellobium dulce,Fabaceae,F,Ev. Ang.,A,10.25,-67.33,1034,22.8,1095,1.56,711,Natural,1.7,38,8.9,0.234,0.230448921,1.580174149,0.949390007,-0.630784143,15.1,66.22516556,1.178976947
1434,N,Sobrado ,1991,Functional Ecology,Pithecellobium ligustrinum,Fabaceae,F,Ev. Ang.,A,10.25,-67.33,1034,22.8,1095,1.56,711,Natural,2.28,47.2,9.2,0.195,0.357934847,1.673753216,0.963787827,-0.709965389,15.4,64.93506494,1.187520721
1426,N,Sobrado ,1991,Functional Ecology,Beureria cumanensis,Calycanthaceae,N,Dec. Ang.,A,10.25,-67.33,1034,22.8,1095,1.56,711,Natural,2.55,36.1,9.9,0.274,0.40654018,1.557884632,0.995635195,-0.562249437,11.6,86.20689655,1.064457989
1427,N,Sobrado ,1991,Functional Ecology,Capparis aristiguetae,Capparaceae,N,Ev. Ang.,A,10.25,-67.33,1034,22.8,1095,1.56,711,Natural,3.28,32,7.3,0.228,0.515873844,1.505388013,0.86332286,-0.642065153,6.9,144.9275362,0.838849091
1428,N,Sobrado ,1991,Functional Ecology,Capparis verrucosa,Capparaceae,N,Ev. Ang.,A,10.25,-67.33,1034,22.8,1095,1.56,711,Natural,3.6,45.1,6.9,0.153,0.556302501,1.65415766,0.838849091,-0.815308569,8.9,112.3595506,0.949390007
1431,N,Sobrado ,1991,Functional Ecology,Mansoa verrucifera,Bignoniaceae,N,Dec. Ang.,A,10.25,-67.33,1034,22.8,1095,1.56,711,Natural,1.53,46.5,5.9,0.127,0.184691431,1.667048291,0.770852012,-0.896196279,17.5,57.14285714,1.243038049
1432,N,Sobrado ,1991,Functional Ecology,Morisonia americana,Capparaceae,N,Ev. Ang.,A,10.25,-67.33,1034,22.8,1095,1.56,711,Natural,4.04,32.6,7.9,0.242,0.606381365,1.513811725,0.897627091,-0.616184634,6.8,147.0588235,0.832508913
1495,P,Sumbele,2012,AOB plants,Acacia obliguinervia,Mimosaceae,F,Ev. Ang.,C,-36.28,148.97,628,10.3,682,1.36,1400,Natural,5.61,118,11.1,0.094,0.748905359,2.071878301,1.045404276,-1.026474025,4.47331321,223.5479505,0.650629307
1500,R,Sumbele,2012,AOB plants,Bituminaria bituminosa,Fabaceae,F,Forb,C,38.1,23.77,465,17.1,364,2.04,299,Natural,2.62,48.1,37.8,0.784,0.418937953,1.682409314,1.576923944,-0.105485371,14.15044496,70.66915584,1.150770096
1502,R,Sumbele,2012,AOB plants,Cercis siliquastrum,Fabaceae,F,Ev. Ang.,C,38.1,23.77,465,17.1,364,2.04,299,Natural,2.3,67.5,8.7,0.129,0.362220446,1.829022585,0.938769823,-0.890252762,13.60207646,73.51818696,1.133605212
1508,P,Sumbele,2012,AOB plants,Daviesia mimosoides,Fabaceae,F,Ev. Ang.,C,-36.28,148.97,628,10.3,682,1.36,1400,Natural,5.15,438.8,9.3,0.021,0.712199393,2.642257055,0.969916253,-1.672340801,3.934446234,254.1653744,0.594883615
1516,R,Sumbele,2012,AOB plants,Lotus ornithopodoides,Fabaceae,F,Forb,C,38.1,23.77,465,17.1,364,2.04,299,Natural,1.06,68.6,17,0.249,0.024318538,1.836053357,1.231709203,-0.604344154,21.5031075,46.50490633,1.332501226
1527,O,Sumbele,2012,AOB plants,Platylobium formosum,Fabaceae,F,Ev. Ang.,C,-37.85,145.73,1318,12.7,599,0.63,400,Natural,2.09,117.6,4.1,0.035,0.320362669,2.07035474,0.612772087,-1.457582653,8.515809801,117.4286443,0.930225953
1537,R,Sumbele,2012,AOB plants,Securigera securidaca,Fabaceae,F,Forb,C,38.1,23.77,465,17.1,364,2.04,299,Natural,1.2,95.8,20,0.208,0.077855923,1.981189457,1.300155387,-0.681034071,23.86422136,41.90373467,1.377747269
1496,R,Sumbele,2012,AOB plants,Anchusa sp.,Boraginaceae,N,Forb,C,38.1,23.77,465,17.1,364,2.04,299,Natural,1.14,24.1,18.8,0.778,0.057840878,1.381995331,1.273044699,-0.108950631,11.03534236,90.61794075,1.042785811
1497,R,Sumbele,2012,AOB plants,Arbutus unedo,Ericaceae,N,Ev. Ang.,C,38.1,23.77,465,17.1,364,2.04,299,Natural,1.27,109,4.5,0.041,0.105294224,2.037385843,0.648400673,-1.38898517,8.634469204,115.8148783,0.936235645
1498,R,Sumbele,2012,AOB plants,Ballota acetabulosa,Lamiaceae,N,Forb,C,38.1,23.77,465,17.1,364,2.04,299,Natural,1.02,70.8,9.3,0.131,0.00867321,1.850314028,0.967723437,-0.882590591,20.02879448,49.92811729,1.30165481
1503,R,Sumbele,2012,AOB plants,Cionura erecta,Apocynaceae,N,Forb,C,38.1,23.77,465,17.1,364,2.04,299,Natural,1.34,103.6,13.1,0.126,0.12765924,2.015521596,1.116752983,-0.898768613,17.76472588,56.29132736,1.24955851
1505,O,Sumbele,2012,AOB plants,Correa lawrenciana,Rutaceae,N,Ev. Ang.,C,-37.85,145.73,1318,12.7,599,0.63,400,Natural,1.56,132,4.8,0.036,0.193877735,2.120607445,0.681674263,-1.438933182,12.48869133,80.07244101,1.096516932
1506,O,Sumbele,2012,AOB plants,Correa reflexa,Rutaceae,N,Ev. Ang.,C,-37.85,145.73,1318,12.7,599,0.63,400,Natural,1.42,136,5,0.037,0.153092833,2.133397504,0.69633777,-1.437059734,9.816537214,101.8689155,0.991958317
1509,R,Sumbele,2012,AOB plants,Echinops viscosus,Asteraceae,N,Forb,C,38.1,23.77,465,17.1,364,2.04,299,Natural,1.24,55.1,19.8,0.36,0.093921908,1.740950019,1.296657982,-0.444292038,9.431263668,106.0303301,0.974569887
1511,P,Sumbele,2012,AOB plants,Eucalyptus pauciflora,Myrtaceae,N,Ev. Ang.,C,-36.28,148.97,628,10.3,682,1.36,1400,Natural,5.37,204.7,15.9,0.078,0.730003384,2.311133631,1.200637735,-1.110495896,3.72196111,268.6755639,0.570771831
1512,O,Sumbele,2012,AOB plants,Eucalyptus radiata,Myrtaceae,N,Ev. Ang.,C,-37.85,145.73,1318,12.7,599,0.63,400,Natural,1.89,108.7,9.2,0.084,0.276398903,2.036316319,0.96246576,-1.073850559,8.798731951,113.6527406,0.944420087
1513,O,Sumbele,2012,AOB plants,Eucalyptus sieberi,Myrtaceae,N,Ev. Ang.,C,-37.85,145.73,1318,12.7,599,0.63,400,Natural,2.64,128.5,4.8,0.038,0.420801441,2.10873807,0.684962375,-1.423775695,4.827610672,207.1418074,0.683732239
1517,R,Sumbele,2012,AOB plants,Malva sylvestris,Malvaceae,N,Forb,C,38.1,23.77,465,17.1,364,2.04,299,Natural,2.09,56.2,31.7,0.564,0.32035483,1.749538963,1.501025374,-0.248513589,20.61543112,48.50735326,1.314192421
1518,R,Sumbele,2012,AOB plants,Olea europaea,Oleaceae,N,Ev. Ang.,C,38.1,23.77,465,17.1,364,2.04,299,Natural,0.91,120.7,10.7,0.089,-0.040559541,2.081576807,1.031269475,-1.050307332,13.22792562,75.5976431,1.121491744
1519,O,Sumbele,2012,AOB plants,Olearia lirata,Asteraceae,N,Ev. Ang.,C,-37.85,145.73,1318,12.7,599,0.63,400,Natural,1.28,109.5,6.4,0.059,0.107387722,2.039536869,0.808280653,-1.231256216,17.63297013,56.71194317,1.246325472
1520,P,Sumbele,2012,AOB plants,Olearia megalophylla,Asteraceae,N,Ev. Ang.,C,-36.28,148.97,628,10.3,682,1.36,1400,Natural,2.52,121.2,11.7,0.096,0.401191781,2.083666602,1.066768727,-1.016897875,4.049018867,246.9734108,0.6073498
1522,R,Sumbele,2012,AOB plants,Phlomis fruticosa,Lamiaceae ,N,Ev. Ang.,C,38.1,23.77,465,17.1,364,2.04,299,Natural,1.29,79,19.3,0.245,0.111781189,1.897520752,1.286024374,-0.611496378,13.4475573,74.36294766,1.128643404
1523,R,Sumbele,2012,AOB plants,Pistacia lentiscus,Anacardiaceae,N,Ev. Ang.,C,38.1,23.77,465,17.1,364,2.04,299,Natural,1.29,110.1,7.9,0.072,0.109372042,2.041694741,0.898050044,-1.143644697,10.40518762,96.10590756,1.017249916
1524,R,Sumbele,2012,AOB plants,Pistacia terebinthus,Anacardiaceae,N,Ev. Ang.,C,38.1,23.77,465,17.1,364,2.04,299,Natural,1.94,66.5,15,0.225,0.288617919,1.822907687,1.175692973,-0.647214714,9.0997047,109.893676,0.959027299
1525,R,Sumbele,2012,AOB plants,Platanus orientalis,Platanaceae,N,Dec. Ang.,C,38.1,23.77,465,17.1,364,2.04,299,Natural,0.88,71.8,9,0.125,-0.054589213,1.856124444,0.953034457,-0.903089987,16.94155611,59.02645503,1.228953299
1528,O,Sumbele,2012,AOB plants,Pomaderris aspera,Rhamnaceae,N,Ev. Ang.,C,-37.85,145.73,1318,12.7,599,0.63,400,Natural,2.12,97.7,7.9,0.081,0.325762547,1.989926662,0.897889018,-1.092037645,10.81641013,92.45211566,1.034083146
1529,R,Sumbele,2012,AOB plants,Pyrus amygdaliformis,Rosaceae,N,Dec. Ang.,C,38.1,23.77,465,17.1,364,2.04,299,Natural,0.74,80.8,12,0.149,-0.132088007,1.907457936,1.079297882,-0.828160054,19.72420554,50.69912691,1.29499952
1530,R,Sumbele,2012,AOB plants,Quercus coccifera,Fagaceae,N,Dec. Ang.,C,38.1,23.77,465,17.1,364,2.04,299,Natural,1.25,123.2,9.1,0.074,0.096266965,2.090548263,0.959062329,-1.131485934,12.72944026,78.55804963,1.104809307
1532,R,Sumbele,2012,AOB plants,Quercus ithaburensis,Fagaceae,N,Dec. Ang.,C,38.1,23.77,465,17.1,364,2.04,299,Natural,0.72,148.3,4.3,0.029,-0.143547926,2.171026543,0.629664392,-1.541362151,22.3823798,44.67800158,1.349906261
1533,R,Sumbele,2012,AOB plants,Rosa canina,Rosaceae,N,Dec. Ang.,C,38.1,23.77,465,17.1,364,2.04,299,Natural,0.58,97.5,7.1,0.073,-0.239873185,1.988937159,0.850530145,-1.138407014,22.40945674,44.62401796,1.350431328
1534,R,Sumbele,2012,AOB plants,Rubus fruticosus,Rubiaceae ,N,Dec. Ang.,C,38.1,23.77,465,17.1,364,2.04,299,Natural,0.68,175.3,2.6,0.015,-0.168523667,2.243864499,0.407721292,-1.836143207,17.79635179,56.19129201,1.250330982
1535,O,Sumbele,2012,AOB plants,Rubus sp.,Rubiaceae ,N,Ev. Ang.,C,-37.85,145.73,1318,12.7,599,0.63,400,Natural,1.63,46.8,11,0.235,0.212088002,1.670570194,1.04137519,-0.629195004,18.31817648,54.59058663,1.262882239
1538,R,Sumbele,2012,AOB plants,Smilax aspera,Smilacaceae,N,Ev. Ang.,C,38.1,23.77,465,17.1,364,2.04,299,Natural,1.06,121.1,3,0.025,0.025945436,2.083292031,0.473932795,-1.609359236,16.54648555,60.43579447,1.218705764
1539,R,Sumbele,2012,AOB plants,Styrax officinalis,Styracaceae,N,Dec. Ang.,C,38.1,23.77,465,17.1,364,2.04,299,Natural,0.7,89.5,7.4,0.083,-0.15633357,1.952059875,0.868513824,-1.083546051,17.54760245,56.98784222,1.244217787
1540,P,Sumbele,2012,AOB plants,Tasmannia xerophila,Winteraceae,N,Ev. Ang.,C,-36.28,148.97,628,10.3,682,1.36,1400,Natural,3.05,115,7.5,0.065,0.483850459,2.060761928,0.876140678,-1.184621249,5.637891072,177.3712878,0.751116681
1541,R,Sumbele,2012,AOB plants,Thapsia garganica,Apiaceae,N,Forb,C,38.1,23.77,465,17.1,364,2.04,299,Natural,0.7,130,8.3,0.064,-0.156221261,2.113995285,0.920804706,-1.193190579,17.54306524,57.00258115,1.244105478
1543,P,Sumbele,2012,AOB plants,Veronica derwentiana,Plantaginaceae,N,Forb,C,-36.28,148.97,628,10.3,682,1.36,1400,Natural,2.46,91.3,18.4,0.202,0.390679097,1.960378364,1.264653414,-0.69572495,6.803523849,146.9826552,0.832733911
1575,T,Tjoelker ,2005,New Phytol,Astragalus candensis,Fabaceae,F,Forb,D,45.42,-93.2,749,6.2,612,0.84,290,Natural,3.95,35.1,25.8,0.734,0.596597096,1.545923646,1.411619706,-0.13430394,10.6,94.33962264,1.025305865
1578,T,Tjoelker ,2005,New Phytol,Desmodium canadense,Fabaceae,F,Forb,D,45.42,-93.2,749,6.2,612,0.84,290,Natural,1.49,47.1,12.1,0.257,0.173186268,1.672852247,1.08278537,-0.590066877,15.8,63.29113924,1.198657087
1580,T,Tjoelker ,2005,New Phytol,Lespedeza capitata,Fabaceae,F,Forb,D,45.42,-93.2,749,6.2,612,0.84,290,Natural,2.16,45.6,15.2,0.333,0.334453751,1.659399354,1.181843588,-0.477555766,9.8,102.0408163,0.991226076
1582,T,Tjoelker ,2005,New Phytol,Lupinus perennis,Fabaceae,F,Forb,D,45.42,-93.2,749,6.2,612,0.84,290,Natural,2.39,25.1,20.9,0.834,0.378397901,1.398980235,1.320146286,-0.078833949,15.4,64.93506494,1.187520721
1584,T,Tjoelker ,2005,New Phytol,Petalostemum purpureum,Fabaceae,F,Forb,D,45.42,-93.2,749,6.2,612,0.84,290,Natural,3.63,30.3,36.6,1.209,0.559906625,1.481054785,1.563481085,0.082426301,7.5,133.3333333,0.875061263
1585,T,Tjoelker ,2005,New Phytol,Petalostemum villosum,Fabaceae,F,Forb,D,45.42,-93.2,749,6.2,612,0.84,290,Natural,3.02,35,30.3,0.866,0.480006943,1.543924736,1.481442629,-0.062482108,9,111.1111111,0.954242509
1564,T,Tjoelker ,2005,New Phytol,Achillea millefolium,Asteraceae,N,Forb,D,45.42,-93.2,749,6.2,612,0.84,290,Natural,2.01,37.5,20.3,0.542,0.303196057,1.573496751,1.307496038,-0.266000713,13,76.92307692,1.113943352
1565,T,Tjoelker ,2005,New Phytol,Agastache foeniculum,Lamiaceae,N,Forb,D,45.42,-93.2,749,6.2,612,0.84,290,Natural,2.61,37.4,16.8,0.449,0.416640507,1.573062941,1.225309282,-0.347753659,10.8,92.59259259,1.033423755
1566,T,Tjoelker ,2005,New Phytol,Agropyron repens,Poaceae,N,Graminoid,D,45.42,-93.2,749,6.2,612,0.84,290,Natural,1.59,53.4,24.3,0.455,0.201397124,1.727594877,1.385606274,-0.341988603,16.2,61.72839506,1.209515015
1567,T,Tjoelker ,2005,New Phytol,Agrostis scabra,Poaceae,N,Graminoid,D,45.42,-93.2,749,6.2,612,0.84,290,Natural,1.43,61.8,31.7,0.513,0.155336037,1.790941897,1.501059262,-0.289882635,11.8,84.74576271,1.071882007
1568,T,Tjoelker ,2005,New Phytol,Ambrosia artemisiifolia,Asteraceae,N,Forb,D,45.42,-93.2,749,6.2,612,0.84,290,Natural,1.99,26.5,27.4,1.035,0.298853076,1.422810213,1.437750563,0.01494035,12.9,77.51937984,1.11058971
1569,T,Tjoelker ,2005,New Phytol,Anemone cylindrica,Ranunculaceae,N,Forb,D,45.42,-93.2,749,6.2,612,0.84,290,Natural,1.56,39.5,15.4,0.39,0.193124598,1.596456114,1.187520721,-0.408935393,10.7,93.45794393,1.029383778
1570,T,Tjoelker ,2005,New Phytol,Asclepias syriaca,Asclepiadaceae,N,Forb,D,45.42,-93.2,749,6.2,612,0.84,290,Natural,1.76,39.8,18.1,0.455,0.245512668,1.599667178,1.257678575,-0.341988603,15.7,63.69426752,1.195899652
1571,T,Tjoelker ,2005,New Phytol,Asclepias tuberosa,Asclepiadaceae,N,Forb,D,45.42,-93.2,749,6.2,612,0.84,290,Natural,1.76,60.1,11.3,0.188,0.245512668,1.778920594,1.053078443,-0.725842151,12.1,82.6446281,1.08278537
1572,T,Tjoelker ,2005,New Phytol,Aster azureus,Asteraceae,N,Forb,D,45.42,-93.2,749,6.2,612,0.84,290,Natural,1.67,29.6,13.6,0.46,0.222716471,1.470781077,1.133538908,-0.337242168,9.8,102.0408163,0.991226076
1573,T,Tjoelker ,2005,New Phytol,Aster ericoides,Asteraceae,N,Forb,D,45.42,-93.2,749,6.2,612,0.84,290,Natural,2.33,57.2,20.3,0.355,0.367355921,1.757267685,1.307496038,-0.449771647,7.8,128.2051282,0.892094603
1574,T,Tjoelker ,2005,New Phytol,Aster novaeanglieae,Asteraceae,N,Forb,D,45.42,-93.2,749,6.2,612,0.84,290,Natural,1.61,48.1,15.1,0.314,0.206825876,1.682047299,1.178976947,-0.503070352,15.2,65.78947368,1.181843588
1576,T,Tjoelker ,2005,New Phytol,Coreopsis palmata,Asteraceae,N,Forb,D,45.42,-93.2,749,6.2,612,0.84,290,Natural,1.77,42.4,10.8,0.255,0.247973266,1.626883575,1.033423755,-0.59345982,6.6,151.5151515,0.819543936
1577,T,Tjoelker ,2005,New Phytol,Corylus americanus,Betulaceae,N,Dec. Ang.,D,45.42,-93.2,749,6.2,612,0.84,290,Natural,2.17,34.1,15.6,0.458,0.336459734,1.53225912,1.193124598,-0.339134522,9.5,105.2631579,0.977723605
1579,T,Tjoelker ,2005,New Phytol,Koeleria cristata,Poaceae,N,Graminoid,D,45.42,-93.2,749,6.2,612,0.84,290,Natural,2.22,47.9,25.7,0.536,0.346352974,1.680768334,1.409933123,-0.27083521,7.3,136.9863014,0.86332286
1581,T,Tjoelker ,2005,New Phytol,Liatris aspera,Asteraceae,N,Forb,D,45.42,-93.2,749,6.2,612,0.84,290,Natural,2.12,33.9,15.6,0.46,0.326335861,1.530366767,1.193124598,-0.337242168,7.8,128.2051282,0.892094603
1583,T,Tjoelker ,2005,New Phytol,Penstemon grandiflorus,Plantaginaceae,N,Forb,D,45.42,-93.2,749,6.2,612,0.84,290,Natural,2.03,31.4,22.6,0.72,0.307496038,1.496775943,1.354108439,-0.142667504,10.5,95.23809524,1.021189299
1586,T,Tjoelker ,2005,New Phytol,Poa pratensis,Poaceae,N,Graminoid,D,45.42,-93.2,749,6.2,612,0.84,290,Natural,1.82,40.7,30.4,0.747,0.260071388,1.609552982,1.482873584,-0.126679398,9.9,101.010101,0.995635195
1587,T,Tjoelker ,2005,New Phytol,Potentilla arguta,Rosaceae,N,Forb,D,45.42,-93.2,749,6.2,612,0.84,290,Natural,1.82,39.6,16.2,0.409,0.260071388,1.597791707,1.209515015,-0.388276692,10.5,95.23809524,1.021189299
1588,T,Tjoelker ,2005,New Phytol,Quercus macrocarpa,Fagaceae,N,Dec. Ang.,D,45.42,-93.2,749,6.2,612,0.84,290,Natural,2.26,55.6,15.9,0.286,0.354108439,1.745031091,1.201397124,-0.543633967,10.6,94.33962264,1.025305865
1589,T,Tjoelker ,2005,New Phytol,Rudbeckia serotina,Asteraceae,N,Forb,D,45.42,-93.2,749,6.2,612,0.84,290,Natural,1.53,33,20.4,0.619,0.184691431,1.517939518,1.309630167,-0.208309351,14,71.42857143,1.146128036
1590,T,Tjoelker ,2005,New Phytol,Solidago nemoralis,Asteraceae,N,Forb,D,45.42,-93.2,749,6.2,612,0.84,290,Natural,1.94,35.6,17.1,0.48,0.28780173,1.551754873,1.23299611,-0.318758763,8.2,121.9512195,0.913813852
1591,T,Tjoelker ,2005,New Phytol,Solidago rigida,Asteraceae,N,Forb,D,45.42,-93.2,749,6.2,612,0.84,290,Natural,1.49,29.2,14.9,0.511,0.173186268,1.464765368,1.173186268,-0.2915791,8.6,116.2790698,0.934498451
1592,T,Tjoelker ,2005,New Phytol,Stipa spartea,Poaceae,N,Graminoid,D,45.42,-93.2,749,6.2,612,0.84,290,Natural,2.67,46.6,35.1,0.753,0.426511261,1.66851214,1.545307116,-0.123205024,7.1,140.8450704,0.851258349
1647,U,von Caemmerer,2001,Aus J Plant Phys,Trifolium subterraneum,Fabaceae,F,Forb,C,-40.23,175.27,872,13.6,666,0.77,37,Natural,1.44,19.3,20.1,1.04,0.157341823,1.286162718,1.303196057,0.017033339,25.83979328,38.7,1.412289035
1645,U,von Caemmerer,2001,Aus J Plant Phys,Lolium Perenne,Poaceae,N,Graminoid,C,-40.23,175.27,872,13.6,666,0.77,37,Natural,0.77,31.8,15.6,0.49,-0.110895659,1.502928518,1.193124598,-0.30980392,29.49852507,33.9,1.469800302
1656,V,Wand,1999,Plant Ecology,Schotia afra,Fabaceae,F,Ev. Ang.,B,-28.17,17,68,17.1,109,14.06,690,Natural,3.3,87,6.7,0.077,0.51851394,1.939584078,0.826074803,-1.113509275,5.714285714,175,0.756961951
1652,V,Wand,1999,Plant Ecology,Boscia albatrunca,Capparaceae,N,Ev. Ang.,B,-28.17,17,68,17.1,109,14.06,690,Natural,10.1,74.5,12,0.161,1.004321374,1.87235537,1.079181246,-0.793174124,2.044989775,489,0.310691141
1653,V,Wand,1999,Plant Ecology,Euclea pseudebenus,Ebenaceae,N,Ev. Ang.,B,-28.17,17,68,17.1,109,14.06,690,Natural,2.9,77.4,4.8,0.062,0.462397998,1.888849548,0.681241237,-1.207608311,3.460207612,289,0.539102157
1654,V,Wand,1999,Plant Ecology,Ozoroa concolor,Anacardiaceae,N,Ev. Ang.,B,-28.17,17,68,17.1,109,14.06,690,Natural,2.5,84.4,5.4,0.064,0.397940009,1.926213786,0.73239376,-1.193820026,6.666666667,150,0.823908741
1655,V,Wand,1999,Plant Ecology,Rhus populifolia,Anacardiaceae,N,Ev. Ang.,B,-28.17,17,68,17.1,109,14.06,690,Natural,3.2,77.7,7.3,0.094,0.505149978,1.890195007,0.86332286,-1.026872146,6.622516556,151,0.821023053
1657,V,Wand,1999,Plant Ecology,Zygophyllum prismatocarpum,Zygophyllaceae,N,Ev. Ang.,B,-28.17,17,68,17.1,109,14.06,690,Natural,3.7,66,3.3,0.05,0.568201724,1.819543936,0.51851394,-1.301029996,2.747252747,364,0.438898616
1970,Z,Zhu,2012,Aust J of Botany,Alhagi sparsifolia,Fabaceae,F,Forb,B,37.05,80.58,33,13,35,19.76,1580,Natural,3.33,28.8,6.9,0.24,0.522444234,1.458637849,0.838849091,-0.619788758,13.7,72.99270073,1.136720567
1971,Z,Zhu,2012,Aust J of Botany,Karelinia caspica,Asteraceae,N,Forb,B,37.05,80.58,33,13,35,19.76,1580,Natural,2.07,43.3,11.7,0.27,0.315970345,1.636822098,1.068185862,-0.568636236,15.3,65.35947712,1.184691431
1972,Z,Zhu,2012,Aust J of Botany,Peganum harmala,Nitrariaceae,N,Forb,B,37.05,80.58,33,13,35,19.76,1580,Natural,2.81,36.5,9.5,0.26,0.44870632,1.562750257,0.977723605,-0.585026652,14.5,68.96551724,1.161368002
131,AE,Ewe,2003,FEM,Baccharis halmifolia,Asteraceae,N,Ev. Ang.,A,25.43,-80.83,1344,23.6,1230,1.03,0,Natural,1.77,25,9,0.36,0.247973266,1.397940009,0.954242509,-0.443697499,,,
132,AE,Ewe,2003,FEM,Myrica cerifera,Myricaceae,F,Ev. Ang.,A,25.43,-80.83,1344,23.6,1230,1.03,0,Natural,2.68,29.5,11.8,0.4,0.428134794,1.469822016,1.071882007,-0.397940009,,,
133,AE,Ewe,2003,FEM,Randia aculeata,Rubiaceae,N,Dec. Ang.,A,25.43,-80.83,1344,23.6,1230,1.03,0,Natural,2.19,21.7,7.8,0.36,0.340444115,1.335792102,0.892094603,-0.443697499,,,
134,AE,Ewe,2003,FEM,Rapanea punctata,Myrsinaceae,N,Ev. Ang.,A,25.43,-80.83,1344,23.6,1230,1.03,0,Natural,1.51,30.9,6.8,0.22,0.178976947,1.490086232,0.832508913,-0.657577319,,,
135,AE,Ewe,2003,FEM,Schinus terebinthisfolius,Anacardiaceae,N,Ev. Ang.,A,25.43,-80.83,1344,23.6,1230,1.03,0,Natural,1.93,34.1,10.9,0.32,0.285557309,1.53227652,1.037426498,-0.494850022,,,
